city,cluster,terminals,raw_kw,coinc_kw,n_s1,n_s1_feas,s1_npc_mean,s1_npc_feas_mean,s1_capex_mean,s1_length_mean,s1_plkw_mean,s1_vdrop_max,s1cond_npc_mean,s1cond_vdrop_max,n_s1cond_feas,s1cond_plkw_mean,s2f_npc,s2f_plkw,s2_npc,s2_w,s2_capex,s2_plkw,s2_length,s2_vdrop,s2_upsize_m,s2_feasible,vof_mean,s1_famA_npc,s1_famB_npc,tld
yasu,0,5,173.10642275396998,103.86385365238196,12,12,40080344.76676011,40080344.76676011,25895859.57056858,159.85098500350978,0.2778648736355592,0.38779012127907936,40080344.76676011,0.38779012127907936,12,0.2778648736355592,40080344.76676011,0.2778648736355592,40080344.76676011,0,25895859.570568584,0.2778648736355592,159.85098500350978,0.38779012127907936,0.0,True,0.0,40080344.76676011,40080344.76676011,0.0
yasu,1,2,24.183100542590637,14.50986032555438,12,12,16059902.252007507,16059902.252007507,8425111.25957099,52.006859626981424,5.507526817596126e-05,0.005597588618757911,16059902.252007507,0.005597588618757911,12,5.507526817596126e-05,16059902.252007505,5.507526817596126e-05,16059902.252007505,0,8425111.259570992,5.507526817596126e-05,52.00685962698143,0.005597588618757911,0.0,True,0.0,16059902.252007505,16059902.252007505,0.0
yasu,2,3,121.84236170287926,73.10541702172753,12,12,16491223.782648595,16491223.782648595,8688841.53295635,53.634824277508336,0.04303540405819333,0.08887190878349958,16491223.782648595,0.08887190878349958,12,0.04303540405819333,16491223.782648597,0.043035404058193324,16491223.782648597,0,8688841.532956352,0.043035404058193324,53.63482427750834,0.08887190878349958,0.0,True,0.0,16491223.782648595,16491223.782648595,0.0
yasu,3,2,88.27799897043388,52.96679938226033,12,12,13204667.265440011,13204667.265440011,6265332.067650783,38.674889306486314,0.030187058107836687,0.11301010737522867,13204667.265440011,0.11301010737522867,12,0.030187058107836687,13204667.26544001,0.03018705810783669,13204667.26544001,0,6265332.067650784,0.03018705810783669,38.67488930648632,0.11301010737522867,0.0,True,0.0,13204667.26544001,13204667.26544001,0.0
yasu,4,3,74.2706415401057,44.562384924063416,12,12,16130677.273151614,16130677.273151614,8454925.783474311,52.19089989798957,0.017339232497955846,0.05639347118804492,16130677.273151614,0.05639347118804492,12,0.017339232497955846,16130677.273151617,0.017339232497955843,16130677.273151617,0,8454925.783474311,0.017339232497955843,52.190899897989574,0.05639347118804492,0.0,True,0.0,16130677.27315162,16130677.27315162,0.0
yasu,5,3,116.2157323118003,69.72943938708016,12,12,123901396.65349752,123901396.65349752,88435921.9348171,545.9007526840561,0.05040597136770127,0.48797718316408073,123901396.65349752,0.48797718316408073,12,0.05040597136770127,123901396.65349755,0.050405971367701266,123901396.65349755,0,88435921.93481712,0.050405971367701266,545.9007526840562,0.48797718316408073,0.0,True,0.0,123901396.65349756,123901396.65349756,0.0
yasu,6,4,213.66524614100598,128.1991476846036,12,12,34474688.137012534,34474688.137012534,21907182.572963048,135.2295220553274,0.14578099988699597,0.16597716855102096,34474688.137012534,0.16597716855102096,12,0.14578099988699597,34474688.137012534,0.14578099988699597,34474688.137012534,0,21907182.572963044,0.14578099988699597,135.22952205532744,0.16597716855102096,0.0,True,0.0,34474688.137012534,34474688.137012534,0.0
yasu,7,1,58.17961401209384,34.907768407256306,1,1,4713525.528645839,4713525.528645839,0.0,0.0,0.0,0.0,4713525.528645839,0.0,1,0.0,4713525.528645839,0.0,4713525.528645839,0,0.0,0.0,0.0,0.0,0.0,True,0.0,,,0.0
yasu,8,1,21.374308200191344,12.824584920114805,1,1,4713525.528645839,4713525.528645839,0.0,0.0,0.0,0.0,4713525.528645839,0.0,1,0.0,4713525.528645839,0.0,4713525.528645839,0,0.0,0.0,0.0,0.0,0.0,True,0.0,,,0.0
yasu,9,1,30.67555547790537,18.405333286743222,1,1,4713525.528645839,4713525.528645839,0.0,0.0,0.0,0.0,4713525.528645839,0.0,1,0.0,4713525.528645839,0.0,4713525.528645839,0,0.0,0.0,0.0,0.0,0.0,True,0.0,,,0.0
yasu,10,1,41.85976022662572,25.11585613597543,1,1,4713525.528645839,4713525.528645839,0.0,0.0,0.0,0.0,4713525.528645839,0.0,1,0.0,4713525.528645839,0.0,4713525.528645839,0,0.0,0.0,0.0,0.0,0.0,True,0.0,,,0.0
yasu,11,3,209.83025892991498,125.89815535794898,12,12,40202420.355187535,40202420.355187535,25680809.93034174,158.52351808852927,0.5102273477627922,0.5557281631800365,40202420.355187535,0.5557281631800365,12,0.5102273477627922,40202420.355187535,0.5102273477627921,40202420.355187535,0,25680809.930341743,0.5102273477627921,158.52351808852927,0.5557281631800365,0.0,True,0.0,40202420.355187535,40202420.355187535,0.0
yasu,12,3,114.29041936037373,68.57425161622423,12,12,13293207.332419155,13293207.332419155,6349293.772114319,39.19317143280443,0.01634029075384836,0.08364285982718819,13293207.332419155,0.08364285982718819,12,0.01634029075384836,13293207.332419153,0.016340290753848363,13293207.332419153,0,6349293.772114318,0.016340290753848363,39.19317143280443,0.08364285982718819,0.0,True,0.0,13293207.332419155,13293207.332419155,0.0
yasu,13,2,92.51982920819395,55.51189752491638,12,12,13927746.28128206,13927746.28128206,6802771.280865314,41.99241531398343,0.0297908558190515,0.11698206135511506,13927746.28128206,0.11698206135511506,12,0.0297908558190515,13927746.281282058,0.0297908558190515,13927746.281282058,0,6802771.280865315,0.0297908558190515,41.99241531398343,0.11698206135511506,0.0,True,0.0,13927746.281282058,13927746.281282058,0.0
yasu,14,1,133.24047957544806,79.94428774526884,1,1,4713525.528645839,4713525.528645839,0.0,0.0,0.0,0.0,4713525.528645839,0.0,1,0.0,4713525.528645839,0.0,4713525.528645839,0,0.0,0.0,0.0,0.0,0.0,True,0.0,,,0.0
yasu,15,5,110.37467116778909,66.22480270067345,12,12,22544687.18832929,22544687.18832929,13160426.977983236,81.23720356779776,0.06080475089441817,0.1330625224928181,22544687.18832929,0.1330625224928181,12,0.06080475089441817,22544687.18832929,0.06080475089441817,22544687.18832929,0,13160426.977983236,0.06080475089441817,81.23720356779775,0.1330625224928181,0.0,True,0.0,22544687.18832929,22544687.18832929,0.0
yasu,16,3,102.86250195040635,61.71750117024381,12,12,20921939.778569173,20921939.778569173,11979200.737269932,73.94568356339461,0.04276349777971087,0.17018724555285547,20921939.778569173,0.17018724555285547,12,0.04276349777971087,20921939.778569177,0.04276349777971087,20921939.778569177,0,11979200.73726993,0.04276349777971087,73.94568356339462,0.17018724555285547,0.0,True,0.0,20921939.778569177,20921939.778569177,0.0
yasu,17,2,49.36872825126716,29.62123695076029,12,12,87262986.09405136,87262986.09405136,61263617.97920224,378.17048135310023,0.025073659402502294,0.3220661092467781,87262986.09405136,0.3220661092467781,12,0.025073659402502294,87262986.09405136,0.025073659402502297,87262986.09405136,0,61263617.979202226,0.025073659402502297,378.1704813531002,0.3220661092467781,0.0,True,0.0,87262986.09405136,87262986.09405136,0.0
yasu,18,2,223.4444285116982,134.0666571070189,12,12,23607232.76081841,23607232.76081841,13603189.188476035,83.97030363256816,0.32397329439753836,0.5455189234397921,23607232.76081841,0.5455189234397921,12,0.32397329439753836,23607232.76081841,0.32397329439753836,23607232.76081841,0,13603189.18847604,0.32397329439753836,83.97030363256815,0.5455189234397921,0.0,True,0.0,23607232.76081841,23607232.76081841,0.0
yasu,19,3,121.24767911338961,72.74860746803377,12,12,46247455.135157816,46247455.135157816,30757559.60895883,189.86147906764702,0.06324849298380839,0.3554862432979546,46247455.135157816,0.3554862432979546,12,0.06324849298380839,46247455.135157816,0.06324849298380837,46247455.135157816,0,30757559.608958825,0.06324849298380837,189.86147906764705,0.3554862432979546,0.0,True,0.0,46247455.135157816,46247455.135157816,0.0
yasu,20,2,61.38737205773565,36.83242323464139,12,12,31664567.62636906,31664567.62636906,19971984.03440101,123.28385206420383,0.030670407552669934,0.20535822280645502,31664567.62636906,0.20535822280645502,12,0.030670407552669934,31577122.708521638,0.030570894841470662,31577122.708521638,0,19907183.25613034,0.030570894841470662,122.88384726006385,0.2027187072445681,0.0,True,87444.91784741636,31752012.54421647,31577122.708521638,0.0
yasu,21,2,189.82589825284325,113.89553895170593,12,12,16791208.04608825,16791208.04608825,8760964.319292543,54.08002666229962,0.15752969674033607,0.30527554799871104,16791208.04608825,0.30527554799871104,12,0.15752969674033607,16791208.04608825,0.15752969674033604,16791208.04608825,0,8760964.319292542,0.15752969674033604,54.08002666229964,0.30527554799871104,0.0,True,0.0,16791208.04608825,16791208.04608825,0.0
yasu,22,3,175.60382037257432,105.3622922235446,12,12,23252424.3526644,23252424.3526644,13428791.17390555,82.8937726784293,0.2562758070652494,0.33949592179822763,23252424.3526644,0.33949592179822763,12,0.2562758070652494,23252424.3526644,0.25627580706524944,23252424.3526644,0,13428791.173905548,0.25627580706524944,82.89377267842931,0.33949592179822763,0.0,True,0.0,23252424.3526644,23252424.3526644,0.0
yasu,23,4,155.51746048714386,93.31047629228634,12,12,22070832.747619487,22070832.747619487,12734448.728135208,78.60770819836547,0.11714442325844288,0.22214430960854017,22070832.747619487,0.22214430960854017,12,0.11714442325844288,22070832.74761949,0.11714442325844288,22070832.74761949,0,12734448.72813521,0.11714442325844288,78.60770819836549,0.22214430960854017,0.0,True,0.0,22070832.74761949,22070832.74761949,0.0
yasu,24,1,39.21422410206191,23.528534461237147,1,1,4713525.528645839,4713525.528645839,0.0,0.0,0.0,0.0,4713525.528645839,0.0,1,0.0,4713525.528645839,0.0,4713525.528645839,0,0.0,0.0,0.0,0.0,0.0,True,0.0,,,0.0
yasu,25,4,138.30048616971845,82.98029170183106,12,12,29689565.890245844,29689565.890245844,18379671.721381154,113.45476371222934,0.1262820221425905,0.22214571894347518,29689565.890245844,0.22214571894347518,12,0.1262820221425905,29689565.89024584,0.12628202214259052,29689565.89024584,0,18379671.72138115,0.12628202214259052,113.45476371222932,0.22214571894347518,0.0,True,0.0,29689565.890245844,29689565.890245844,0.0
yasu,26,1,108.67213851809515,65.20328311085709,1,1,4713525.528645839,4713525.528645839,0.0,0.0,0.0,0.0,4713525.528645839,0.0,1,0.0,4713525.528645839,0.0,4713525.528645839,0,0.0,0.0,0.0,0.0,0.0,True,0.0,,,0.0
yasu,27,3,66.77169195107903,40.06301517064742,12,12,17324159.843092952,17324159.843092952,9353991.391557904,57.740687602209285,0.0075700705931673355,0.04612851015363706,17324159.843092952,0.04612851015363706,12,0.0075700705931673355,17324159.843092956,0.0075700705931673355,17324159.843092956,0,9353991.391557904,0.0075700705931673355,57.740687602209285,0.04612851015363706,0.0,True,0.0,17324159.843092952,17324159.843092952,0.0
yasu,28,2,83.5652188741511,50.13913132449066,12,12,32914107.531384517,32914107.531384517,20818312.318382654,128.50810073075715,0.09262695366182193,0.36084965597196106,32914107.531384517,0.36084965597196106,12,0.09262695366182193,32914107.531384513,0.09262695366182193,32914107.531384513,0,20818312.318382654,0.09262695366182193,128.50810073075712,0.36084965597196106,0.0,True,0.0,32914107.531384517,32914107.531384517,0.0
yasu,29,3,117.1502961511584,70.29017769069505,12,12,20523542.171681877,20523542.171681877,11663532.391065234,71.99711352509404,0.057844523935235974,0.13263487189378603,20523542.171681877,0.13263487189378603,12,0.057844523935235974,20523542.171681877,0.05784452393523597,20523542.171681877,0,11663532.391065234,0.05784452393523597,71.99711352509404,0.13263487189378603,0.0,True,0.0,20523542.171681877,20523542.171681877,0.0
yasu,30,1,12.074998836878423,7.244999302127054,1,1,4713525.528645839,4713525.528645839,0.0,0.0,0.0,0.0,4713525.528645839,0.0,1,0.0,4713525.528645839,0.0,4713525.528645839,0,0.0,0.0,0.0,0.0,0.0,True,0.0,,,0.0
yasu,31,6,75.15994314671156,45.095965888026925,12,12,145458676.97515127,145458676.97515127,103696447.83061035,640.1015298185825,0.6179817185055994,1.7636899122356904,145458676.97515127,1.7636899122356904,12,0.6179817185055994,145397138.65345466,0.6178340977537808,145397138.65345466,0,103650947.13027267,0.6178340977537808,639.8206612979794,1.7609960363442774,0.0,True,61538.32169658691,145520215.29684782,145397138.65345466,0.0
yasu,32,2,49.97618416637546,29.985710499825277,12,12,5868565.349721714,5868565.349721714,857123.7123667175,5.2908871133748,0.00041361499192522715,0.004892769271378142,5868565.349721714,0.004892769271378142,12,0.00041361499192522715,5868565.349721714,0.0004136149919252271,5868565.349721714,0,857123.7123667176,0.0004136149919252271,5.2908871133748,0.004892769271378142,0.0,True,0.0,5868565.349721714,5868565.349721714,0.0
yasu,33,2,127.28869416773146,76.37321650063888,12,12,13177125.822023645,13177125.822023645,6260806.567319862,38.6469541192584,0.018082140660947554,0.08743290533831115,13177125.822023645,0.08743290533831115,12,0.018082140660947554,13177125.822023645,0.018082140660947557,13177125.822023645,0,6260806.567319862,0.018082140660947557,38.6469541192584,0.08743290533831115,0.0,True,0.0,13177125.822023645,13177125.822023645,0.0
yasu,34,5,77.72962429177248,46.63777457506349,12,12,37475727.120439954,37475727.120439954,24214387.456922293,149.47152751186601,0.08588327966641228,0.1869214125331922,37475727.120439954,0.1869214125331922,12,0.08588327966641228,36523985.19765423,0.0853694819569173,36523985.19765423,0,23508353.175234452,0.0853694819569173,145.11329120515092,0.1869214125331922,0.0,True,951741.9227857193,36523985.19765424,38427469.043225676,0.0
yasu,35,2,73.1516173360136,43.89097040160816,12,12,18963316.895138264,18963316.895138264,10557707.032699365,65.17103106604546,0.017778762707407688,0.1125823773564235,18963316.895138264,0.1125823773564235,12,0.017778762707407688,18963316.895138264,0.017778762707407688,18963316.895138264,0,10557707.032699367,0.017778762707407688,65.17103106604547,0.1125823773564235,0.0,True,0.0,18963316.895138264,18963316.895138264,0.0
yasu,36,1,36.58455670340713,21.950734022044276,1,1,4713525.528645839,4713525.528645839,0.0,0.0,0.0,0.0,4713525.528645839,0.0,1,0.0,4713525.528645839,0.0,4713525.528645839,0,0.0,0.0,0.0,0.0,0.0,True,0.0,,,0.0
yasu,37,5,119.47432616689659,71.68459570013795,12,12,144902300.7577254,144902300.7577254,103736355.93753974,640.3478761576529,0.27362034375863536,1.0163001950212698,144902300.7577254,1.0163001950212698,12,0.27362034375863536,144638120.86223322,0.2570871066299557,144638120.86223322,0,103561941.87804088,0.2570871066299557,639.2712461607463,0.5721253665654606,0.0,True,264179.89549219114,145166480.65321758,144638120.8622332,0.23076923076923073
yasu,38,1,52.12144881416587,31.27286928849952,1,1,4713525.528645839,4713525.528645839,0.0,0.0,0.0,0.0,4713525.528645839,0.0,1,0.0,4713525.528645839,0.0,4713525.528645839,0,0.0,0.0,0.0,0.0,0.0,True,0.0,,,0.0
yasu,39,2,37.336928479865094,22.402157087919058,12,12,13576260.06262437,13576260.06262437,6578101.721852739,40.60556618427618,0.002180329176074355,0.03112047168915495,13576260.06262437,0.03112047168915495,12,0.002180329176074355,13576260.062624373,0.0021803291760743556,13576260.062624373,0,6578101.721852739,0.0021803291760743556,40.60556618427617,0.03112047168915495,0.0,True,0.0,13576260.06262437,13576260.06262437,0.0
yasu,40,4,187.79871326185338,112.679227957112,12,12,66669083.82525575,66669083.82525575,44583522.363241106,275.206928168155,1.080270682680826,1.409623350614568,66669083.82525575,1.409623350614568,12,1.080270682680826,62603582.10197483,1.0050121060441939,62603582.10197483,0,41663718.74163925,1.0050121060441939,257.1834490224645,1.1192807226144634,0.0,True,4065501.7232809165,62603582.10197484,70734585.54853667,0.0
yasu,41,2,197.4841920438219,118.49051522629314,12,12,12919704.58447955,12919704.58447955,5984151.27520693,36.93920540251191,0.08307810046286533,0.18322275375568614,12919704.58447955,0.18322275375568614,12,0.08307810046286533,12919704.584479552,0.08307810046286532,12919704.584479552,0,5984151.275206929,0.08307810046286532,36.93920540251191,0.18322275375568614,0.0,True,0.0,12919704.584479554,12919704.584479554,0.0
yasu,42,2,57.22237014535802,34.33342208721481,12,12,19907078.085728314,19907078.085728314,11278918.944418313,69.62295644702661,0.0022514610242673973,0.04140957751892213,19907078.085728314,0.04140957751892213,12,0.0022514610242673973,19907078.08572831,0.0022514610242673973,19907078.08572831,0,11278918.944418313,0.0022514610242673973,69.62295644702662,0.04140957751892213,0.0,True,0.0,19907078.085728314,19907078.085728314,0.0
yasu,43,4,158.3427884637567,95.00567307825402,12,12,73999072.52857101,73999072.52857101,50892448.08533809,314.15091410702536,0.42195009183898163,1.126779515036953,73999072.52857101,1.126779515036953,12,0.42195009183898163,73999072.52857101,0.4219500918389817,73999072.52857101,0,50892448.08533809,0.4219500918389817,314.1509141070253,1.126779515036953,0.0,True,0.0,73999072.52857101,73999072.52857101,0.0
yasu,45,3,73.80553474016682,44.28332084410009,12,12,17783257.899653018,17783257.899653018,9680101.14613179,59.753710778591305,0.018812651896865675,0.09774680102829422,17783257.899653018,0.09774680102829422,12,0.018812651896865675,17783257.899653018,0.018812651896865675,17783257.899653018,0,9680101.146131791,0.018812651896865675,59.753710778591305,0.09774680102829422,0.0,True,0.0,17783257.899653018,17783257.899653018,0.0
yasu,46,3,117.43277246200942,70.45966347720565,12,12,71973596.70104086,71973596.70104086,49824919.12735363,307.56122918119524,0.09018068414812909,0.5418407591298022,71973596.70104086,0.5418407591298022,12,0.09018068414812909,71973596.70104086,0.0901806841481291,71973596.70104086,0,49824919.12735362,0.0901806841481291,307.5612291811952,0.5418407591298022,0.0,True,0.0,71973596.70104086,71973596.70104086,0.0
yasu,47,4,89.86650844903933,53.91990506942359,12,12,35127917.916122556,35127917.916122556,22482453.1304569,138.78057487936354,0.07720491304025391,0.3300244929309824,35127917.916122556,0.3300244929309824,12,0.07720491304025391,35127917.916122556,0.07720491304025393,35127917.916122556,0,22482453.1304569,0.07720491304025393,138.78057487936357,0.3300244929309824,0.0,True,0.0,35127917.916122556,35127917.916122556,0.0
yasu,48,3,197.40225817122385,118.4413549027343,12,12,15849073.27076339,15849073.27076339,8108744.0477340175,50.0539756032964,0.12153378357024595,0.2573017524598899,15849073.27076339,0.2573017524598899,12,0.12153378357024595,15849073.270763386,0.12153378357024597,15849073.270763386,0,8108744.047734015,0.12153378357024597,50.053975603296394,0.2573017524598899,0.0,True,0.0,15849073.270763384,15849073.270763384,0.0
yasu,49,1,21.282475638027904,12.769485382816741,1,1,4713525.528645839,4713525.528645839,0.0,0.0,0.0,0.0,4713525.528645839,0.0,1,0.0,4713525.528645839,0.0,4713525.528645839,0,0.0,0.0,0.0,0.0,0.0,True,0.0,,,0.0
yasu,50,1,30.131540524920823,18.07892431495249,1,1,4713525.528645839,4713525.528645839,0.0,0.0,0.0,0.0,4713525.528645839,0.0,1,0.0,4713525.528645839,0.0,4713525.528645839,0,0.0,0.0,0.0,0.0,0.0,True,0.0,,,0.0
yasu,51,1,31.10413925989932,18.66248355593959,1,1,4713525.528645839,4713525.528645839,0.0,0.0,0.0,0.0,4713525.528645839,0.0,1,0.0,4713525.528645839,0.0,4713525.528645839,0,0.0,0.0,0.0,0.0,0.0,True,0.0,,,0.0
yasu,52,4,104.7808888197105,62.868533291826296,12,12,32148144.320784573,32148144.320784573,20316101.707409773,125.40803523092451,0.04204110278035041,0.12737883311767426,32148144.320784573,0.12737883311767426,12,0.04204110278035041,32148144.320784573,0.04204110278035041,32148144.320784573,0,20316101.707409777,0.04204110278035041,125.40803523092453,0.12737883311767426,0.0,True,0.0,32148144.320784573,32148144.320784573,0.0
yasu,53,1,19.118055909821347,11.470833545892807,1,1,4713525.528645839,4713525.528645839,0.0,0.0,0.0,0.0,4713525.528645839,0.0,1,0.0,4713525.528645839,0.0,4713525.528645839,0,0.0,0.0,0.0,0.0,0.0,True,0.0,,,0.0
yasu,54,3,60.20800029788318,36.124800178729906,12,12,13075068.656672815,13075068.656672815,6181008.190066959,38.154371543623206,0.021135076821644266,0.07408600671503598,13075068.656672815,0.07408600671503598,12,0.021135076821644266,13075068.656672817,0.021135076821644266,13075068.656672817,0,6181008.190066959,0.021135076821644266,38.154371543623206,0.07408600671503598,0.0,True,0.0,13075068.656672819,13075068.656672819,0.0
yasu,55,1,16.06488688123674,9.638932128742043,1,1,4713525.528645839,4713525.528645839,0.0,0.0,0.0,0.0,4713525.528645839,0.0,1,0.0,4713525.528645839,0.0,4713525.528645839,0,0.0,0.0,0.0,0.0,0.0,True,0.0,,,0.0
yasu,56,4,174.8239329245337,104.89435975472021,12,12,58419463.78364172,58419463.78364172,38990139.49342054,240.6798734161762,0.6756471569728698,1.0048261840420223,58419463.78364172,1.0048261840420223,12,0.6756471569728698,58419463.783641726,0.6756471569728697,58419463.783641726,0,38990139.49342054,0.6756471569728697,240.67987341617624,1.0048261840420223,0.0,True,0.0,58419463.78364172,58419463.78364172,0.0
yasu,57,1,48.533192950539366,29.11991577032362,1,1,4713525.528645839,4713525.528645839,0.0,0.0,0.0,0.0,4713525.528645839,0.0,1,0.0,4713525.528645839,0.0,4713525.528645839,0,0.0,0.0,0.0,0.0,0.0,True,0.0,,,0.0
yasu,58,5,220.4272614147817,132.25635684886902,12,12,51212985.18893651,51212985.18893651,33389310.051188838,206.10685216783227,0.8654480863879397,1.0817538679948422,51212985.18893651,1.0817538679948422,12,0.8654480863879397,51212985.18893652,0.8654480863879398,51212985.18893652,0,33389310.051188838,0.8654480863879398,206.10685216783233,1.0817538679948422,0.0,True,0.0,51212985.188936524,51212985.188936524,0.0
yasu,59,1,98.9116573497564,59.346994409853835,1,1,4713525.528645839,4713525.528645839,0.0,0.0,0.0,0.0,4713525.528645839,0.0,1,0.0,4713525.528645839,0.0,4713525.528645839,0,0.0,0.0,0.0,0.0,0.0,True,0.0,,,0.0
yasu,60,5,181.36206974513414,108.81724184708047,12,12,35179985.21831867,35179985.21831867,22185380.953448046,136.94679600893855,0.33239978245940255,0.7136738467505409,35179985.21831867,0.7136738467505409,12,0.33239978245940255,35158383.719486654,0.4253976566047287,35158383.719486654,0,22046992.862356585,0.4253976566047287,136.09254853306533,0.7136738467505409,0.0,True,21601.49883202091,35158383.719486654,35201586.717150696,0.0
yasu,61,1,22.93114790944225,13.75868874566535,1,1,4713525.528645839,4713525.528645839,0.0,0.0,0.0,0.0,4713525.528645839,0.0,1,0.0,4713525.528645839,0.0,4713525.528645839,0,0.0,0.0,0.0,0.0,0.0,True,0.0,,,0.0
yasu,62,4,115.07309751641145,69.04385850984687,12,12,30216081.443937004,30216081.443937004,18845276.32142117,116.3288661816121,0.06954469264388628,0.17889613116386544,30216081.443937004,0.17889613116386544,12,0.06954469264388628,30216081.443937004,0.06954469264388627,30216081.443937004,0,18845276.321421165,0.06954469264388627,116.32886618161211,0.17889613116386544,0.0,True,0.0,30216081.443937004,30216081.443937004,0.0
yasu,63,2,45.337328905592315,27.202397343355386,12,12,10753485.939553708,10753485.939553708,4479846.163943113,27.653371382364885,0.0038690103762239907,0.03421104520779156,10753485.939553708,0.03421104520779156,12,0.0038690103762239907,10753485.939553708,0.0038690103762239916,10753485.939553708,0,4479846.163943113,0.0038690103762239916,27.65337138236489,0.03421104520779156,0.0,True,0.0,10753485.939553708,10753485.939553708,0.0
yasu,64,5,237.28151667729736,142.36891000637843,12,12,41095182.17250203,41095182.17250203,26542800.52104336,163.84444766076146,0.3589080727902534,0.6068860629554677,41095182.17250203,0.6068860629554677,12,0.3589080727902534,41095182.172502026,0.3589080727902534,41095182.172502026,0,26542800.52104336,0.3589080727902534,163.84444766076146,0.6068860629554677,0.0,False,0.0,41095182.17250203,41095182.17250203,0.0
yasu,65,4,213.91447787703157,128.34868672621894,12,12,71773005.76361953,71773005.76361953,48261167.041118026,297.90843852541997,1.165586738148562,1.5424051141104975,71773005.76361953,1.5424051141104975,12,1.165586738148562,71773005.76361951,1.165586738148562,71773005.76361951,0,48261167.041118026,1.165586738148562,297.9084385254199,1.5424051141104975,0.0,True,0.0,71773005.76361953,71773005.76361953,0.0
yasu,66,4,92.4710246411746,55.482614784704765,12,12,22026328.353763614,22026328.353763614,12805047.946113499,79.04350584020678,0.038362372098610306,0.10071140146938687,22026328.353763614,0.10071140146938687,12,0.038362372098610306,22026328.353763618,0.0383623720986103,22026328.353763618,0,12805047.9461135,0.0383623720986103,79.04350584020679,0.10071140146938687,0.0,True,0.0,22026328.353763614,22026328.353763614,0.0
yasu,67,5,188.72817558815274,113.23690535289164,12,12,47372656.61839091,47372656.61839091,31070168.30442965,191.7911623730225,0.46071184357967887,0.8743908458795423,47372656.61839091,0.8743908458795423,12,0.46071184357967887,46832310.393133484,0.5000852212264371,46832310.393133484,0,30617137.842215773,0.5000852212264371,188.994678038369,0.8743908458795423,0.0,True,540346.2252574252,46832310.393133484,47913002.84364834,0.0
yasu,68,4,160.5274097215431,96.31644583292587,12,12,31039789.05488282,31039789.05488282,19336848.555650417,119.36326268920014,0.16080865435118552,0.4314415693141057,31039789.05488282,0.4314415693141057,12,0.16080865435118552,31039789.05488282,0.16080865435118552,31039789.05488282,0,19336848.555650417,0.16080865435118552,119.36326268920013,0.4314415693141057,0.0,True,0.0,31039789.05488282,31039789.05488282,0.0
yasu,69,2,36.867867567956075,22.120720540773647,12,12,80984138.22363819,80984138.22363819,56586304.15212342,349.2981737785395,0.03647009017888813,0.37330080686780004,80984138.22363819,0.37330080686780004,12,0.03647009017888813,80984138.22363819,0.03647009017888812,80984138.22363819,0,56586304.152123414,0.03647009017888812,349.29817377853954,0.37330080686780004,0.0,True,0.0,80984138.22363819,80984138.22363819,0.0
yasu,70,2,64.27286217076727,38.56371730246036,12,12,11277665.832213445,11277665.832213445,4867146.675560066,30.044115281234966,0.0053330656121169445,0.04186590906280444,11277665.832213445,0.04186590906280444,12,0.0053330656121169445,11277665.832213443,0.005333065612116944,11277665.832213443,0,4867146.675560066,0.005333065612116944,30.044115281234973,0.04186590906280444,0.0,True,0.0,11277665.832213445,11277665.832213445,0.0
yasu,71,5,112.41711287890402,67.4502677273424,12,12,18338337.326788753,18338337.326788753,10039663.74832225,61.97323301433488,0.05880069797474296,0.13353399406955588,18338337.326788753,0.13353399406955588,12,0.05880069797474296,18300523.123025067,0.05886767441765549,18300523.123025067,0,10011496.924779857,0.05886767441765549,61.79936373320899,0.13353399406955588,0.0,True,37814.203763688296,18300523.123025063,18376151.530552443,0.0
yasu,72,1,81.04875597931606,48.62925358758963,1,1,4713525.528645839,4713525.528645839,0.0,0.0,0.0,0.0,4713525.528645839,0.0,1,0.0,4713525.528645839,0.0,4713525.528645839,0,0.0,0.0,0.0,0.0,0.0,True,0.0,,,0.0
yasu,73,4,75.10654656741335,45.063927940448,12,12,24120165.47555155,24120165.47555155,14383551.831894657,88.78735698700403,0.02031909628547623,0.0890869726239831,24120165.47555155,0.0890869726239831,12,0.02031909628547623,24120165.47555155,0.02031909628547623,24120165.47555155,0,14383551.831894653,0.02031909628547623,88.78735698700402,0.0890869726239831,0.0,True,0.0,24120165.47555155,24120165.47555155,0.0
yasu,74,3,250.12255852271937,150.07353511363164,12,12,55773253.20663265,55773253.20663265,36803586.4068057,227.18263214077592,0.84410665142304,0.8024238045887836,55773253.20663265,0.8024238045887836,12,0.84410665142304,55773253.20663267,0.84410665142304,55773253.20663267,0,36803586.40680571,0.84410665142304,227.18263214077592,0.8024238045887836,0.0,False,0.0,55773253.20663267,55773253.20663267,0.0
yasu,75,2,83.8189915546399,50.29139493278393,12,12,27978236.587786555,27978236.587786555,17175554.49915317,106.02194135279734,0.07564350482811245,0.29619385908776186,27978236.587786555,0.29619385908776186,12,0.07564350482811245,27978236.587786555,0.07564350482811247,27978236.587786555,0,17175554.49915317,0.07564350482811247,106.02194135279736,0.29619385908776186,0.0,True,0.0,27978236.587786555,27978236.587786555,0.0
yasu,76,2,38.093499903878694,22.856099942327216,12,12,16877602.603126656,16877602.603126656,9027885.719403643,55.72768962594842,0.0034026059895251883,0.045544265523787035,16877602.603126656,0.045544265523787035,12,0.0034026059895251883,16877602.60312666,0.0034026059895251887,16877602.60312666,0,9027885.719403645,0.0034026059895251887,55.72768962594843,0.045544265523787035,0.0,True,0.0,16877602.60312666,16877602.60312666,0.0
yasu,77,1,19.37065401032155,11.622392406192931,1,1,4713525.528645839,4713525.528645839,0.0,0.0,0.0,0.0,4713525.528645839,0.0,1,0.0,4713525.528645839,0.0,4713525.528645839,0,0.0,0.0,0.0,0.0,0.0,True,0.0,,,0.0
yasu,78,3,22.737877227673884,13.64272633660433,12,12,13177960.073356608,13177960.073356608,6283769.426276295,38.78870016219935,0.0010987216192939115,0.01269057840842847,13177960.073356608,0.01269057840842847,12,0.0010987216192939115,13177960.07335661,0.0010987216192939113,13177960.07335661,0,6283769.426276295,0.0010987216192939113,38.78870016219935,0.01269057840842847,0.0,True,0.0,13177960.073356612,13177960.073356612,0.0
yasu,79,2,42.72285726840705,25.633714361044227,12,12,6378136.963763885,6378136.963763885,1235114.455730041,7.624163306975561,0.0007089861597610776,0.007689663336989676,6378136.963763885,0.007689663336989676,12,0.0007089861597610776,6378136.963763885,0.0007089861597610776,6378136.963763885,0,1235114.4557300408,0.0007089861597610776,7.624163306975561,0.007689663336989676,0.0,True,0.0,6378136.963763885,6378136.963763885,0.0
yasu,80,3,42.31302831922807,25.38781699153684,12,12,37597179.465782344,37597179.465782344,24401700.861227795,150.62778309399872,0.01205409394285475,0.11884670533432752,37597179.465782344,0.11884670533432752,12,0.01205409394285475,37597179.465782344,0.01205409394285475,37597179.465782344,0,24401700.861227795,0.01205409394285475,150.62778309399874,0.11884670533432752,0.0,True,0.0,37597179.465782344,37597179.46578234,0.0
yasu,81,2,65.23999850504185,39.14399910302511,12,12,10360948.107909022,10360948.107909022,4177298.4805883192,25.78579309005136,0.012284241277537264,0.05886494847634866,10360948.107909022,0.05886494847634866,12,0.012284241277537264,10360948.10790902,0.012284241277537264,10360948.10790902,0,4177298.48058832,0.012284241277537264,25.78579309005136,0.05886494847634866,0.0,True,0.0,10360948.107909022,10360948.107909022,0.0
yasu,82,4,96.6876434516625,58.0125860709975,12,12,23961570.380927917,23961570.380927917,14223515.873420177,87.79948070012456,0.05245053233923865,0.14213034641902217,23961570.380927917,0.14213034641902217,12,0.05245053233923865,23961570.380927917,0.052450532339238645,23961570.380927917,0,14223515.873420175,0.052450532339238645,87.79948070012455,0.14213034641902217,0.0,True,0.0,23961570.380927917,23961570.380927917,0.0
yasu,83,1,115.77565367609547,69.46539220565728,1,1,4713525.528645839,4713525.528645839,0.0,0.0,0.0,0.0,4713525.528645839,0.0,1,0.0,4713525.528645839,0.0,4713525.528645839,0,0.0,0.0,0.0,0.0,0.0,True,0.0,,,0.0
yasu,84,1,51.096235734525926,30.657741440715554,1,1,4713525.528645839,4713525.528645839,0.0,0.0,0.0,0.0,4713525.528645839,0.0,1,0.0,4713525.528645839,0.0,4713525.528645839,0,0.0,0.0,0.0,0.0,0.0,True,0.0,,,0.0
yasu,85,3,43.488533280772444,26.093119968463462,12,12,16056936.34735323,16056936.34735323,8414200.21215141,51.93950748241613,0.006674664048348276,0.04273744059097826,16056936.34735323,0.04273744059097826,12,0.006674664048348276,16056936.347353235,0.006674664048348275,16056936.347353235,0,8414200.212151412,0.006674664048348275,51.939507482416126,0.04273744059097826,0.0,True,0.0,16056936.347353235,16056936.347353235,0.0
yasu,86,3,173.11350973299375,103.86810583979626,12,12,46585720.90215244,46585720.90215244,30634464.78543766,189.10163447801028,0.34773614547537285,0.7548380930298607,46585720.90215244,0.7548380930298607,12,0.34773614547537285,46585720.90215244,0.34773614547537285,46585720.90215244,0,30634464.785437666,0.34773614547537285,189.10163447801028,0.7548380930298607,0.0,True,0.0,46585720.90215244,46585720.90215244,0.0
yasu,87,2,37.97038967207109,22.782233803242654,12,12,10233581.041731594,10233581.041731594,4098567.0335284476,25.299796503262026,0.00024091672043092312,0.00816552922989293,10233581.041731594,0.00816552922989293,12,0.00024091672043092312,10233581.041731592,0.00024091672043092312,10233581.041731592,0,4098567.0335284476,0.00024091672043092312,25.299796503262023,0.00816552922989293,0.0,True,0.0,10233581.041731594,10233581.041731594,0.0
yasu,88,4,37.30092888740052,22.380557332440308,12,12,50556127.97430392,50556127.97430392,34032738.10210503,210.0786302599076,0.005632648849579472,0.06404314573205631,50556127.97430392,0.06404314573205631,12,0.005632648849579472,50556127.974303916,0.0056326488495794715,50556127.974303916,0,34032738.10210503,0.0056326488495794715,210.07863025990758,0.06404314573205631,0.0,True,0.0,50556127.97430391,50556127.97430391,0.0
yasu,89,3,175.2372002675586,105.14232016053515,12,12,83561565.82117331,83561565.82117331,57948074.2167028,357.70416183149877,0.45611372497900476,1.2009531139201335,83561565.82117331,1.2009531139201335,12,0.45611372497900476,83561565.82117331,0.4561137249790046,83561565.82117331,0,57948074.21670279,0.4561137249790046,357.7041618314987,1.2009531139201335,0.0,True,0.0,83561565.82117331,83561565.82117331,0.0
yasu,91,3,221.9223123539666,133.15338741237997,12,12,52004562.26596079,52004562.26596079,34188987.29643613,211.0431314594823,0.7043836217127915,0.8471460663228357,52004562.26596079,0.8471460663228357,12,0.7043836217127915,52004562.26596078,0.7043836217127915,52004562.26596078,0,34188987.29643613,0.7043836217127915,211.0431314594823,0.8471460663228357,0.0,True,0.0,52004562.26596078,52004562.26596078,0.6
yasu,92,1,76.35743430198356,45.81446058119013,1,1,4713525.528645839,4713525.528645839,0.0,0.0,0.0,0.0,4713525.528645839,0.0,1,0.0,4713525.528645839,0.0,4713525.528645839,0,0.0,0.0,0.0,0.0,0.0,True,0.0,,,0.0
yasu,94,3,62.100055883252324,37.26003352995139,12,12,19596448.921901677,19596448.921901677,11040335.643980756,68.15022002457258,0.008277216264720628,0.039397709054020964,19596448.921901677,0.039397709054020964,12,0.008277216264720628,19596448.92190168,0.00827721626472063,19596448.92190168,0,11040335.643980756,0.00827721626472063,68.15022002457256,0.039397709054020964,0.0,True,0.0,19596448.921901677,19596448.921901677,0.0
yasu,95,3,143.54605506623014,86.12763303973807,12,12,19270717.458627168,19270717.458627168,10694140.93091577,66.01321562293684,0.08757544902763657,0.1479521513061164,19270717.458627168,0.1479521513061164,12,0.08757544902763657,19270717.45862717,0.08757544902763656,19270717.45862717,0,10694140.930915767,0.08757544902763656,66.01321562293683,0.1479521513061164,0.0,True,0.0,19270717.458627168,19270717.458627168,0.0
yasu,96,2,37.34442310642473,22.406653863854835,12,12,67092532.63132047,67092532.63132047,46296216.19961863,285.7791123433248,0.0174368504504725,0.23347566194379363,67092532.63132047,0.23347566194379363,12,0.0174368504504725,67092532.63132047,0.017436850450472503,67092532.63132047,0,46296216.19961862,0.017436850450472503,285.7791123433248,0.23347566194379363,0.0,True,0.0,67092532.63132047,67092532.63132047,0.0
yasu,97,3,89.48313514877069,53.689881089262414,12,12,42878691.379978485,42878691.379978485,28107020.89279179,173.50012896785054,0.1765682280700883,0.5603107356794836,42878691.379978485,0.5603107356794836,12,0.1765682280700883,42878691.379978485,0.1765682280700883,42878691.379978485,0,28107020.892791785,0.1765682280700883,173.50012896785054,0.5603107356794836,0.0,True,0.0,42878691.379978485,42878691.379978485,0.0
yasu,98,1,50.07790321121546,30.046741926729272,1,1,4713525.528645839,4713525.528645839,0.0,0.0,0.0,0.0,4713525.528645839,0.0,1,0.0,4713525.528645839,0.0,4713525.528645839,0,0.0,0.0,0.0,0.0,0.0,True,0.0,,,0.0
yasu,99,2,166.51752806341455,99.91051683804874,12,12,12549684.853475532,12549684.853475532,5707965.5264379755,35.23435510146898,0.08416492411731706,0.18011135110606402,12549684.853475532,0.18011135110606402,12,0.08416492411731706,12549684.85347553,0.08416492411731707,12549684.85347553,0,5707965.5264379755,0.08416492411731707,35.234355101468985,0.18011135110606402,0.0,True,0.0,12549684.853475528,12549684.853475528,0.0
yasu,100,4,106.25513681303067,63.7530820878184,12,12,26836800.446382046,26836800.446382046,16349467.503452389,100.92263891019991,0.05931670804588888,0.14879384413413407,26836800.446382046,0.14879384413413407,12,0.05931670804588888,26836800.446382046,0.05931670804588889,26836800.446382046,0,16349467.503452387,0.05931670804588889,100.92263891019991,0.14879384413413407,0.0,True,0.0,26836800.446382046,26836800.446382046,0.0
yasu,101,3,52.53640896207649,31.52184537724589,12,12,18991620.66423276,18991620.66423276,10591473.58241701,65.37946655812969,0.008087554287107735,0.0658049576327169,18991620.66423276,0.0658049576327169,12,0.008087554287107735,18991620.66423276,0.008087554287107734,18991620.66423276,0,10591473.58241701,0.008087554287107734,65.37946655812969,0.0658049576327169,0.0,True,0.0,18991620.66423276,18991620.66423276,0.0
yasu,102,2,10.131266346864248,6.078759808118548,12,12,10845839.509493921,10845839.509493921,4553333.641778493,28.106997788756136,0.0001361967875078002,0.0064711730573887025,10845839.509493921,0.0064711730573887025,12,0.0001361967875078002,10845839.509493923,0.0001361967875078002,10845839.509493923,0,4553333.641778494,0.0001361967875078002,28.106997788756136,0.0064711730573887025,0.0,True,0.0,10845839.509493923,10845839.509493923,0.0
yasu,103,3,75.67046596431217,45.402279578587304,12,12,25856281.86812715,25856281.86812715,15650912.334930835,96.61056996870884,0.03687600282287305,0.19672825074023645,25856281.86812715,0.19672825074023645,12,0.03687600282287305,25856281.868127145,0.036876002822873045,25856281.868127145,0,15650912.334930833,0.036876002822873045,96.61056996870884,0.19672825074023645,0.0,True,0.0,25856281.86812714,25856281.86812714,0.0
yasu,104,2,100.4764402201582,60.285864132094915,12,12,39277764.71360696,39277764.71360696,25629592.09364189,158.2073586027277,0.027269372184601338,0.21724173472520572,39277764.71360696,0.21724173472520572,12,0.027269372184601338,39277764.71360697,0.027269372184601334,39277764.71360697,0,25629592.09364189,0.027269372184601334,158.2073586027277,0.21724173472520572,0.0,True,0.0,39277764.71360696,39277764.71360696,0.0
yasu,105,6,142.40887162147166,85.44532297288299,12,12,44901956.614139386,44901956.614139386,29653305.819539245,183.04509765147682,0.14318308005206085,0.2960439090118817,44901956.614139386,0.2960439090118817,12,0.14318308005206085,44901956.61413939,0.14318308005206085,44901956.61413939,0,29653305.81953924,0.14318308005206085,183.0450976514768,0.2960439090118817,0.0,True,6.20881716410319e-10,44901956.614139386,44901956.614139386,0.33333333333333337
yasu,106,4,99.48250243059952,59.68950145835973,12,12,18881342.51872227,18881342.51872227,10461917.079118157,64.57973505628492,0.04432206373565129,0.12319386207511518,18881342.51872227,0.12319386207511518,12,0.04432206373565129,18881342.518722273,0.04432206373565129,18881342.518722273,0,10461917.079118155,0.04432206373565129,64.57973505628492,0.12319386207511518,0.0,True,0.0,18881342.51872227,18881342.51872227,0.0
yasu,107,6,196.0833780689846,117.65002684139074,12,12,27601300.63161772,27601300.63161772,16753423.972339781,103.41619736012213,0.1837606932954674,0.24421126323995124,27601300.63161772,0.24421126323995124,12,0.1837606932954674,27601300.63161772,0.1837606932954674,27601300.63161772,0,16753423.972339783,0.1837606932954674,103.41619736012211,0.24421126323995124,0.0,True,0.0,27601300.63161772,27601300.63161772,0.0
yasu,108,2,73.68212666524624,44.20927599914775,12,12,73300186.15226065,73300186.15226065,50744102.70060217,313.2352018555689,0.1402471348834177,0.6932256646472278,73300186.15226065,0.6932256646472278,12,0.1402471348834177,73300186.15226065,0.14024713488341767,73300186.15226065,0,50744102.70060216,0.14024713488341767,313.2352018555689,0.6932256646472278,0.0,True,0.0,73300186.15226065,73300186.15226065,0.0
yasu,109,7,137.4550426515813,82.4730255909488,12,12,73277270.76362096,73277270.76362096,50490114.00483722,311.6673704002297,0.32037252522555626,0.6295014833562232,73277270.76362096,0.6295014833562232,12,0.32037252522555626,73277270.76362094,0.3203725252255563,73277270.76362094,0,50490114.00483722,0.3203725252255563,311.66737040022974,0.6295014833562232,0.0,True,0.0,73277270.76362096,73277270.76362096,0.0
yasu,110,3,107.4847796909726,64.49086781458355,12,12,16568396.916569712,16568396.916569712,8752228.174735721,54.02609984404765,0.03841227041343992,0.11188525308993713,16568396.916569712,0.11188525308993713,12,0.03841227041343992,16568396.916569712,0.03841227041343992,16568396.916569712,0,8752228.17473572,0.03841227041343992,54.02609984404766,0.11188525308993713,0.0,True,0.0,16568396.916569712,16568396.916569712,0.0
