node,lat,lon,x_m,y_m,p_kw
2048,35.063072600000005,136.0196723,592977.0128610454,3880512.9301370294,14.162169982794468
2062,35.062798400000005,136.0208041,593080.5290613297,3880483.5762704574,0.0
2073,35.0653301,136.0202441,593026.5918705997,3880763.827846704,0.0
2074,35.06661129999999,136.0279653,593729.1774780034,3880913.147967798,0.0
2075,35.06680039999999,136.0287496,593800.475689033,3880934.8573500006,0.0
2077,35.07155530000001,136.02929770000003,593845.0091336658,3881462.7086133,0.0
2078,35.0715569,136.0298137,593892.0547303312,3881463.371878876,24.9777833025975
2079,35.075709499999995,136.0277017,593694.741249064,3881921.9234799603,204.35517154784478
2080,35.065457300000006,136.0209254,593088.5711216384,3880778.570573587,0.0
2085,35.08255050000001,136.0422235,595010.7994829578,3882694.362247289,0.0
2086,35.083461199999995,136.0406656,594867.7189179262,3882793.8785713953,0.0
2087,35.0841104,136.0397024,594779.1586813825,3882864.961069924,0.0
2088,35.0837468,136.0408619,594885.2836562558,3882825.739611038,0.0
2097,35.0696165,136.02551540000002,593502.3612947691,3881244.1351144807,68.38093848548397
2098,35.070817100000006,136.0261428,593558.1968599235,3881377.874502297,43.335485873725496
2100,35.066211299999985,136.0269546,593637.4760216759,3880867.836971122,206.05501732756613
2102,35.0680152,136.0201445,593014.4634288908,3881061.52177297,0.0
2119,35.0660675,136.0267335,593617.4796438046,3880851.6814402346,8.96062781076469
2132,35.064557699999995,136.0337564,594259.5866756042,3880690.8553176722,0.0
2508,35.064727399999995,136.0354328,594412.2538316894,3880711.261593205,0.0
2474,35.07960889999998,136.03597,594444.0894154843,3882362.1842207625,0.0
2475,35.0794752,136.0369807,594536.3874609161,3882348.3144534756,0.0
2476,35.079677399999994,136.0365811,594499.7233608414,3882370.3603089293,0.0
2477,35.07936430000001,136.0364321,594486.5003290311,3882335.4950611438,0.0
2479,35.08093089999999,136.0365141,594492.1695479017,3882509.3148082597,0.0
215,35.0618065,136.0187919,592898.1667027819,3880371.6948965187,115.77565367609549
450,35.073221000000004,136.015782,592610.804439757,3881634.8021263103,0.0
219,35.062201,136.0186681,592886.430737859,3880415.330947233,0.0
220,35.06228959999999,136.0292413,593850.473440146,3880435.056434177,0.0
221,35.0625808,136.0220849,593197.5685158017,3880460.6399424993,0.0
222,35.0626793,136.028494,593781.8833014962,3880477.572477985,0.0
223,35.06267429999999,136.0219142,593181.8966194744,3880470.8498919588,0.0
224,35.062844199999994,136.018328,592854.6894742511,3880486.3472517873,2.192706045597021
225,35.0627914,136.0184999,592870.4242848287,3880480.651630582,83.77663454792477
226,35.0627229,136.0154732,592594.506502602,3880470.2401946574,0.0
227,35.062926000000004,136.0151429,592564.1581922709,3880492.458016632,0.0
452,35.0733146,136.0156643,592599.9673692066,3881645.073365964,0.0
229,35.0630286,136.0182303,592845.5717188526,3880506.706862905,28.321078766851933
2487,35.0676513,136.0269972,593639.715609726,3881027.5780608016,77.86000408719845
231,35.063148700000006,136.0167253,592708.2001530385,3880518.626159249,0.0
233,35.06324,136.020843,593083.5748932092,3880532.587516874,0.0
234,35.0632554,136.0273626,593678.0560671225,3880540.400542335,58.10639875913358
235,35.06327009999999,136.0181385,592836.927349541,3880533.4045575187,0.0
237,35.06338410000001,136.0164942,592686.8608663285,3880544.517982358,0.0
2286,35.0688262,136.0200814,593007.7897620887,3881151.4056298607,37.690849696546266
238,35.06360399999999,136.0202255,593026.8543272811,3880572.380123809,15.033309998176634
239,35.0636035,136.0162742,592666.5519462778,3880568.645715315,0.0
240,35.0636092,136.01794930000003,592819.2910191694,3880570.835764516,0.0
241,35.063695200000005,136.0264183,593591.4467258854,3880588.289211808,37.29578880178704
242,35.063826,136.0182069,592842.5350159197,3880595.1194195733,0.0
243,35.0638119,136.0199333,592999.9739778851,3880595.164389488,0.7619690403911741
244,35.063781700000014,136.030634,593975.7600800699,3880601.8471295456,0.0
2285,35.0655305,136.0216448,593154.0856417435,3880787.360533956,20.741288855907612
246,35.06383699999999,136.0160368,592644.6405699559,3880594.321063776,0.0
247,35.0638397,136.017724,592798.4859472351,3880596.1893039076,0.0
248,35.064117999999986,136.0383041,594674.7766106493,3880646.3992595603,0.0
249,35.06415140000001,136.0381461,594660.330731814,3880649.9534426164,0.0
250,35.06407210000001,136.0174904,592776.9220010357,3880621.7458836124,0.0
251,35.064200799999995,136.0378588,594634.0761156753,3880655.1593905035,0.0
252,35.0642453,136.0298374,593902.5904720477,3880652.5115687563,0.0
253,35.0642942,136.0172734,592756.8835006624,3880646.1756492355,0.0
255,35.064334499999994,136.0374806,594599.4355125824,3880669.6283497205,0.0
256,35.0643005,136.0193209,592943.5779694588,3880648.7808220168,0.0
2493,35.067032600000005,136.033018,594189.4122581575,3880964.632856165,0.0
258,35.064505000000004,136.01705880000003,592737.0767318355,3880669.3544815755,0.0
259,35.06449109999999,136.0212887,593122.7956625667,3880671.754897932,81.59365222691173
260,35.064448899999995,136.0248242,593445.2282741938,3880670.3821687195,152.06532814625004
261,35.064522200000006,136.031342,594039.4703207614,3880684.63864789,0.0
262,35.064532299999996,136.0372668,594579.7119165164,3880691.362278069,0.0
263,35.0645796,136.01818,592839.2287868764,3880678.6711607273,0.0
264,35.0646954,136.0290486,593830.148377302,3880701.6867254507,0.0
2313,35.0711516,136.0164111,592670.5024282526,3881405.8829969973,0.0
265,35.0646999,136.0189481,592909.131539437,3880692.7282274654,0.0
266,35.06477499999999,136.0179922,592821.8830524683,3880700.166852098,0.0
267,35.06498609999999,136.0334406,594230.2980719702,3880738.067936165,0.0
268,35.06497110000001,136.036682,594525.880972879,3880739.4722661097,0.0
269,35.0650109,136.018304,592850.047260371,3880726.619246716,0.0
270,35.0649058,136.0192448,592935.9526471384,3880715.8397213574,0.0
271,35.06496289999999,136.0381623,594660.8709919867,3880739.9671106203,0.0
272,35.064911,136.0187025,592886.4974101762,3880715.9111296665,0.0
273,35.06500619999999,136.0304188,593954.7336517974,3880737.445713667,0.0
274,35.065110100000005,136.0232802,593303.6861017016,3880742.2657391345,650.1520941992328
275,35.065214100000006,136.0180478,592826.4557599021,3880748.9162877686,0.0
276,35.065314799999996,136.0181843,592838.7883634721,3880760.2113374765,0.0
277,35.0653662,136.0219673,593183.67916472,3880769.440426029,44.868437523888915
278,35.0653594,136.0360659,594469.2547259242,3880781.952277981,0.0
279,35.06544670000001,136.0322239,594118.825087071,3880788.001029339,0.0
281,35.0654513,136.0194552,592954.5193807987,3880776.5336449225,0.0
282,35.0656773,136.0339792,594278.6152171127,3880815.233597069,366.72541440511765
283,35.06560709999999,136.0382777,594670.6498164365,3880811.520789243,0.0
284,35.0655986,136.024923,593452.9268500042,3880797.980480809,291.02868075000254
285,35.065957999999995,136.0312112,594025.8966418218,3880843.7506220695,0.0
286,35.0659384,136.0366976,594526.1881742261,3880846.7641265267,229.0666442124271
2326,35.0728872,136.0163314,592661.2734703484,3881598.2930262005,0.0
288,35.06602459999999,136.0292957,593851.1585532124,3880849.3322386118,0.0
289,35.0659543,136.0207917,593075.8155955872,3880833.5647744033,27.620554317825423
290,35.0660617,136.0286201,593789.5126481986,3880852.8110887916,20.423171422346783
291,35.06611389999999,136.019333,592942.6255398853,3880849.9043429187,0.0
292,35.06599250000001,136.024099,593377.3427840673,3880840.8934157924,92.5054088383849
293,35.0661016,136.0225547,593236.404311755,3880851.5479091583,336.6852533683441
464,35.07419980000001,136.0271266,593644.0329077513,3881753.951837378,16.963865117497896
295,35.066126899999986,136.0266337,593608.3117307207,3880858.1754147434,194.28881006329848
296,35.06611540000001,136.02044800000002,593044.2930484308,3880851.110553056,0.0
297,35.066318,136.034893,594361.2015139583,3880887.1539073423,0.0
298,35.0662969,136.0167994,592711.3970106621,3880867.84104353,0.0
299,35.0664454,136.0198024,592985.0509186238,3880887.1064576856,0.0
300,35.066603799999996,136.0308677,593993.8347116628,3880915.048292321,0.0
301,35.0667232,136.0214332,593133.4362184576,3880919.437422674,201.9855580305786
302,35.0666694,136.022986,593275.0856059035,3880914.9222702705,195.327013466192
303,35.06670059999998,136.0163396,592669.0147803695,3880912.1853287937,0.0
2502,35.065327999999994,136.0352404,594394.0183689027,3880777.68814427,0.0
305,35.0666976,136.0350335,594373.5757549913,3880929.385889767,0.0
306,35.066820699999994,136.0190331,592914.4786588044,3880928.0113918073,14.654437992604
307,35.066871700000014,136.0176152,592785.1334873019,3880932.3471446913,0.0
308,35.0668576,136.01989670000003,592993.181886742,3880932.9087979295,0.0
309,35.06693369999999,136.0160933,592646.2931148945,3880937.808036656,159.22194184151527
310,35.0668879,136.0198597,592989.7737719206,3880936.2346660155,22.213429575352073
311,35.06701,136.0300922,593922.657150856,3880959.3665689155,0.0
312,35.066991200000004,136.0248227,593442.1938414988,3880952.330689485,276.08332347195187
313,35.06712379999999,136.0234254,593314.6340005776,3880965.7279373296,66.17050427184444
314,35.0672763,136.0292163,593842.485785455,3880988.0754861333,0.0
315,35.0672084,136.0338787,594267.6906775794,3880984.9430888817,0.0
316,35.0672872,136.0181082,592829.6158647803,3880978.8863831116,0.0
317,35.067224200000005,136.0299005,593904.9321545605,3880982.9415587853,0.0
318,35.06731880000001,136.0169184,592721.0919943794,3880981.283887981,51.43310871496215
319,35.06738960000001,136.0293983,593858.9511811589,3881000.8121646238,0.0
320,35.06751800000001,136.032649,594155.2085108773,3881018.1169616627,0.0
321,35.067548699999996,136.0186422,592878.0106951224,3881008.3849113276,0.0
2505,35.06501430000001,136.0354008,594409.0055453089,3880743.0495372317,0.0
323,35.0675979,136.0175165,592775.3119615361,3881012.793372116,67.4019716658202
324,35.0676339,136.0208376,593078.093936518,3881019.881063516,45.06152954168048
325,35.067581000000004,136.0237263,593341.5501131256,3881016.7146562324,224.95923013899412
326,35.0677147,136.0287231,593797.013247722,3881036.2315437226,0.0
2506,35.064812599999996,136.0352564,594396.070729807,3880720.5435769083,0.0
328,35.06779779999999,136.0205646,593053.015354101,3881037.803333431,0.0
329,35.06785390000001,136.0192871,592936.4676750265,3881042.8335472206,0.0
2511,35.0652721,136.0369751,594552.2600378459,3880773.132138924,0.0
331,35.067864500000006,136.0180987,592828.095932373,3881042.9020929453,0.0
332,35.0679581,136.0283917,593766.5173114986,3881062.913772106,76.35743430198356
333,35.0678427,136.0322906,594122.1561845839,3881053.7889872524,0.0
334,35.06798820000001,136.0202071,593020.2019988454,3881058.5857781344,0.0
335,35.0680015,136.0333668,594220.1030392747,3881072.416911562,0.0
336,35.06805959999999,136.0197655,592979.855457748,3881066.0923985066,0.0
337,35.06804939999999,136.0279994,593730.6425450996,3881072.670417402,0.0
338,35.067935000000006,136.0309042,593995.6365435376,3881062.7175500607,0.0
339,35.06804759999999,136.0318344,594080.3241035361,3881076.082592947,0.0
340,35.068101399999996,136.018605,592873.9925773157,3881069.646596268,8.155580758721547
341,35.0681355,136.0358911,594450.1173351306,3881089.666265846,0.0
342,35.06784050000001,136.0232902,593301.4904939856,3881045.0859547565,133.24047957544806
343,35.0681179,136.0270939,593647.9998337317,3881079.4164743517,134.36228658854233
344,35.0682335,136.0313438,594035.3774039925,3881096.2367755775,0.0
345,35.0684377,136.0338797,594266.3682706446,3881121.2778652497,0.0
346,35.0683117,136.0262191,593568.0135042615,3881100.0883031557,89.08214192315586
347,35.068309199999995,136.0161055,592645.851040244,3881090.36701869,60.433822467164596
2510,35.0650149,136.0357213,594438.2294946006,3880743.4195692753,0.0
349,35.0685847,136.0351575,594382.7097281187,3881138.7895191438,71.1559738895544
350,35.0688805,136.0223026,593210.2573550467,3881159.5019090143,10.156374028773003
351,35.068614999999994,136.0197374,592976.6633409191,3881127.6619823817,11.677878554720888
352,35.06865599999999,136.0187835,592889.6399366963,3881131.3199337358,49.06678938663647
353,35.068544300000006,136.0162878,592662.2075292618,3881116.6098179794,0.0
354,35.06870489999999,136.0153142,592573.2529242878,3881133.516537228,34.64557502908463
355,35.0685996,136.032663,594155.242764933,3881138.0835355967,0.0
2404,35.080872199999995,136.0344896,594307.6698952357,3882500.887422389,0.0
357,35.0687267,136.0217969,593164.3223761088,3881141.972316442,0.0
358,35.06887770000001,136.0170223,592728.8024063648,3881154.267872268,385.2312602542572
359,35.06895140000001,136.0346064,594332.0381491127,3881178.936356842,0.0
2403,35.0829133,136.0375202,594581.6040686497,3882730.1249787686,24.060676611214692
361,35.068952900000006,136.0182532,592840.950763988,3881163.7532602684,0.0
362,35.068955800000005,136.0323318,594124.6347855914,3881177.274699578,0.0
363,35.069050499999996,136.0159336,592629.3394355028,3881172.420021534,0.0
364,35.069363,136.0232669,593297.6331704056,3881213.91475591,21.282475638027904
365,35.0691352,136.0342965,594303.5699796751,3881199.0272961766,0.0
366,35.0691944,136.0209853,593089.7893599039,3881193.0838397546,30.095521053694387
367,35.069309,136.0207436,593067.621109053,3881205.5677457764,11.026281629500183
368,35.069252,136.0155227,592591.646038921,3881194.3854063167,0.0
369,35.0692749,136.0176538,592785.9330181081,3881198.9062123895,0.0
371,35.0693364,136.0185659,592869.0282702077,3881206.5759537173,0.0
372,35.06942670000001,136.03288460000002,594174.4981595039,3881230.0212180237,0.0
373,35.0694331,136.0252527,593478.6176340099,3881223.549075845,101.99809833179536
374,35.06956519999999,136.0295407,593869.4441823935,3881242.228064933,0.0
375,35.0695412,136.0334984,594230.3325716645,3881243.299611763,42.21079853825007
376,35.0695581,136.017141,592738.8557210114,3881229.836982103,0.0
377,35.069342899999995,136.0192932,592935.3357907408,3881207.974498592,30.131540524920823
2517,35.06360329999999,136.02966580000003,593887.6782334474,3880581.1499366174,19.118055909821347
379,35.0696457,136.0346487,594335.0960601975,3881255.976791768,0.0
380,35.069665799999996,136.0354419,594407.3963852914,3881258.9567275103,0.0
381,35.0697142,136.0275858,593691.0272845493,3881256.9139602636,18.82882141805879
382,35.0696755,136.023694,593336.2201425193,3881248.9718461097,193.27197183999536
383,35.069732,136.0331066,594194.3892072325,3881264.089810997,0.0
384,35.0699447,136.0358314,594442.5894100099,3881290.256642378,0.0
385,35.0698851,136.0197028,592972.0679768096,3881268.4882357186,1.4758659110299794
2518,35.063365,136.0294794,593870.9539844375,3880554.5461498317,0.0
387,35.0698808,136.0225388,593230.6564120797,3881270.659537334,9.64890187203105
388,35.06995200000001,136.0337812,594255.6457634881,3881289.1261451133,0.0
389,35.0699304,136.0349658,594363.6812963162,3881287.8511378076,0.0
390,35.070087300000004,136.02234640000003,593212.878755719,3881293.3812252646,42.6452204654225
391,35.069953700000006,136.0174242,592764.2300115812,3881273.9738437054,0.0
392,35.07002769999998,136.0339775,594273.4571427596,3881297.707144088,74.43194083404889
393,35.070146300000005,136.02798760000002,593727.1690240419,3881305.213044208,0.0
394,35.0703674,136.0368687,594536.6819335134,3881338.118695579,0.0
395,35.0701484,136.0192305,592928.7056619755,3881297.248818177,22.707234631560656
396,35.0701909,136.0322726,594117.8188110085,3881314.195901804,9.638406799633307
398,35.0702103,136.0157411,592610.4769923168,3881300.8670183765,0.0
399,35.07025569999999,136.0343323,594305.5451180892,3881323.328716476,0.0
400,35.0703442,136.0155854,592596.1292347085,3881315.5723789413,0.0
401,35.0703455,136.0167213,592699.6973159125,3881316.772073446,0.0
402,35.070462899999995,136.0216843,593152.0824687479,3881334.41779408,16.70461897192878
403,35.070491,136.034708,594339.5301407126,3881349.779779406,0.0
404,35.070514,136.0238116,593345.9879548925,3881342.074566956,15.410846453805217
405,35.07017389999999,136.0158597,592621.33189805,3881296.9403015366,0.0
406,35.070583,136.0243609,593395.9935731675,3881350.241329801,13.78298658934903
407,35.0706354,136.0363148,594485.8691944756,3881367.3158283704,0.0
2522,35.0653217,136.031301,594034.8147388062,3880773.2673686524,0.0
409,35.0708091,136.0180302,592818.5157840328,3881369.404672736,30.675555477905366
410,35.070672300000005,136.02678130000004,593616.5793761817,3881362.4150038883,30.346640791520755
411,35.07068019999999,136.0161161,592644.1378572073,3881353.3289424684,0.0
412,35.0707303,136.0350923,594374.2944932432,3881376.6827297695,0.0
2524,35.07877700000001,136.0356943,594419.9128838163,3882269.6621219967,0.0
414,35.0707606,136.0240556,593367.954565167,3881369.6518560946,33.62485944225879
415,35.07084569999999,136.0254249,593492.7075718753,3881380.372917234,23.687671807358537
416,35.0709069,136.0286953,593790.8259256714,3881390.2318431567,0.0
418,35.0711184,136.03543320000003,594404.93014196,3881420.0471942024,0.0
419,35.07117999999999,136.0248367,593438.6956272686,3881416.896572276,49.46394552865507
420,35.0711868,136.0232639,593295.2838326555,3881416.17783578,70.09407535987611
421,35.071171199999995,136.0173676,592757.6915410236,3881408.94617343,0.0
425,35.071426599999995,136.0291797,593834.397560166,3881448.3242510264,9.685675489044879
426,35.0714804,136.0277875,593707.3989867677,3881452.9814615357,38.30776829459826
427,35.0715317,136.0167142,592697.7084711607,3881448.3191806218,0.0
428,35.07156750000001,136.0225921,593233.5977355336,3881457.770388935,51.096235734525926
2473,35.080010400000006,136.0363669,594479.8111702137,3882407.0882500475,0.0
2478,35.0786728,136.0368506,594525.4520494356,3882259.2018142114,0.0
431,35.071741499999995,136.0294683,593860.350741336,3881483.519466658,0.0
2480,35.0672014,136.0244252,593405.7094130918,3880975.2701700362,374.60370144698624
2481,35.0662129,136.0237366,593344.0470048469,3880864.9972315584,158.30366004381776
2482,35.06687479999999,136.0241923,593384.8451638964,3880938.8309390508,63.24639924373727
434,35.0722148,136.0240915,593369.5713362409,3881530.9614580004,44.49572970644096
432,35.0721513,136.0286146,593782.0440739063,3881528.1644096263,45.51122326004163
436,35.0723075,136.017372,592756.8068186353,3881534.969916707,0.0
437,35.072272,136.02875280000003,593794.5065473173,3881541.6804872104,0.0
2485,35.0691138,136.0275585,593689.2243048653,3881190.30179673,0.0
2488,35.067780299999995,136.0270239,593642.0028014778,3881041.909693071,19.1837303722205
2489,35.0676864,136.0280553,593736.1546340283,3881032.4649750604,0.0
442,35.0728782,136.0272698,593658.5992792817,3881607.516091819,56.5012206834335
2491,35.06833879999999,136.0280363,593733.6762201255,3881104.8005976225,0.0
2492,35.067353,136.033742,594255.059835871,3881000.8505224776,0.0
444,35.07261720000001,136.0234133,593307.2774108163,3881574.954123122,28.037305837079085
2494,35.0658622,136.0341131,594290.6120681667,3880835.866280782,0.0
2495,35.0661324,136.0342742,594304.9909299868,3880865.984783798,0.0
447,35.072893900000004,136.0380823,594644.4189200228,3881619.468404746,0.0
2497,35.06519599999999,136.0359025,594454.5434881741,3880763.6758367545,0.0
446,35.07266789999999,136.0280348,593728.5891775016,3881584.9119909164,23.056843570294845
443,35.0726311,136.032198,594108.2151721566,3881584.7526246947,19.125793990401135
445,35.07262650000001,136.0256433,593510.5891872833,3881578.0748689407,50.077903211215464
453,35.0733132,136.0306457,593965.9006490135,3881658.9358482226,9.753952348196114
451,35.073178399999996,136.0287612,593794.2351816677,3881642.2114624255,6.470839555020461
455,35.07348580000001,136.0264137,593579.850037292,3881674.0972246355,0.0
2504,35.06548519999999,136.0343915,594316.4312826924,3880794.318918588,0.0
449,35.0731197,136.0283099,593753.1548810349,3881635.276926242,42.335308184316965
456,35.07332029999999,136.02860730000003,593780.0409291532,3881657.803913232,13.21522700827412
2507,35.06460129999999,136.0368549,594542.073217527,3880698.624025295,0.0
454,35.073339399999995,136.0274153,593671.3382500717,3881658.801550688,62.40630742559343
2509,35.06520129999999,136.0363079,594491.5035065727,3880764.64771249,0.0
458,35.073909099999995,136.029908,593897.9579752921,3881724.328298659,2.677902673427328
462,35.07406999999999,136.0273858,593667.8136109634,3881739.800044476,28.373463788094416
457,35.0736365,136.0282061,593743.0997755098,3881692.494329975,29.668281547052334
2513,35.064621299999985,136.0377988,594628.1196576506,3880701.737421324,0.0
2514,35.0651234,136.0368302,594539.2189087962,3880756.5033830823,0.0
2515,35.064729799999995,136.0376375,594613.286310318,3880713.6174071752,0.0
2516,35.0640618,136.0301515,593931.4420117437,3880632.4566003038,0.0
461,35.0740287,136.0297116,593879.9142931933,3881737.407415801,16.872949934906718
467,35.074320699999994,136.029131,593826.644130847,3881769.24470467,31.38599356038624
2519,35.06444410000001,136.0299912,593916.3870521495,3880674.7040301356,0.0
2520,35.063988,136.0308379,593994.1163690195,3880624.918701622,0.0
2521,35.0655586,136.0308972,593997.7229709682,3880799.159697616,0.0
471,35.0744986,136.0395371,594775.205819985,3881798.8177832593,7.038916128361009
474,35.0746148,136.0307585,593974.6927794731,3881803.394427815,15.148251689041492
476,35.07474979999999,136.0305043,593951.3616428575,3881818.1268371376,33.357647260558856
470,35.074406599999996,136.028983,593813.0520373409,3881778.632050326,35.20285761652958
478,35.0748658,136.0281567,593737.189749766,3881828.7817673055,24.634929840511944
2525,35.0784063,136.0364756,594491.5708516542,3882229.2904013703,0.0
480,35.074907599999996,136.0236321,593324.618672087,3881829.172554251,108.67213851809515
481,35.074932,136.0301864,593922.1687398197,3881838.0339448135,25.708624955476008
2523,35.07844339999999,136.0351001,594366.1243071457,3882232.101930193,0.0
483,35.0749121,136.0434798,595134.1976853311,3881848.4318781244,83.38397185101104
484,35.07498199999999,136.0279433,593717.6004508086,3881841.468142433,7.412361747729745
485,35.075121900000006,136.0298525,593891.508372576,3881858.7800333984,39.470779758770064
2526,35.078873200000004,136.035448,594397.3470869288,3882280.0978008057,11.202570519750923
490,35.07543209999999,136.0314368,594035.5981956564,3881894.675652677,25.274084247231627
492,35.0756442,136.0289639,593809.8939940144,3881915.868493465,32.257397342806335
493,35.0755263,136.0311271,594007.2538969581,3881904.8306948175,62.041777030194886
495,35.0757075,136.0308134,593978.4452079058,3881924.630677933,19.37065401032155
496,35.07568499999999,136.0303004,593931.6994637726,3881921.651853649,45.165195342907516
497,35.0757106,136.0286913,593784.9643486773,3881922.97601192,15.663695107787202
498,35.075791,136.0426897,595061.1419680266,3881945.151589424,0.0
499,35.0757979,136.0318055,594068.7937659889,3881935.592090423,88.28795909514783
500,35.0757439,136.0287236,593787.8711136283,3881926.699492721,3.7543231350802317
501,35.0758984,136.0305029,593949.9172770209,3881945.509532266,19.10766682785975
2550,35.0840911,136.0411303,594909.3531490719,3882864.179408573,0.0
2551,35.0837674,136.0408156,594881.0389187494,3882827.980156674,0.0
504,35.07611729999999,136.0421099,595007.9018115896,3881980.7867925884,0.0
505,35.076278,136.0366173,594506.9440172045,3881993.38810912,0.0
506,35.0761513,136.0294515,593853.7690308917,3881972.566718787,36.726637628349856
507,35.0764194,136.032414,594123.5584220765,3882005.0931382077,74.03978082141714
508,35.076436099999995,136.0207532,593060.403947775,3881995.997485641,12.074998836878425
511,35.0763292,136.03085290000004,593981.3335709395,3881993.6167696402,21.328900342617395
512,35.0764543,136.032366,594119.1420936314,3882008.9183597765,22.115200079509265
514,35.07663629999999,136.0357985,594431.8795162464,3882032.3490040586,0.0
515,35.07640049999999,136.0307162,593968.7886183873,3882001.395340455,21.358539306410236
517,35.076548,136.0294389,593852.1659550907,3882016.550364832,20.241868979082906
519,35.076757799999996,136.0299578,593899.2345267156,3882040.306617886,28.30669337496758
520,35.0772382,136.021425,593120.741642472,3882085.5806385344,0.0
522,35.0770703,136.0331678,594191.5356006502,3882077.992393413,58.78545843667076
523,35.076918000000006,136.0324126,594122.858121685,3882060.388435138,24.301657066304383
525,35.0768884,136.0297245,593877.8146298636,3882054.5709162443,18.909295018477117
527,35.076987700000004,136.0311896,594011.2757323456,3882066.9643685906,15.35008044290921
532,35.077307999999995,136.02798760000002,593718.9794256148,3882099.471809132,5.567133109824875
533,35.0774432,136.0305203,593949.7326713337,3882116.8500368516,47.48033706254501
534,35.0773819,136.0315498,594043.6632046681,3882111.0223869127,48.533192950539366
537,35.0774597,136.0188057,592881.6869856449,3882107.7021341315,0.0
540,35.0776055,136.0353712,594391.8055296668,3882139.4322877475,0.0
541,35.07779659999999,136.0308279,593977.3714837201,3882156.333372909,32.72695314218053
542,35.077732499999996,136.0326018,594139.1720531197,3882150.89822246,38.292741032534636
544,35.077860699999995,136.0347611,594335.8886201801,3882167.15740577,0.0
547,35.0779408,136.030587,593955.2432384623,3882172.0986144263,17.04703024271389
548,35.07801310000001,136.0320587,594089.3352619861,3882181.5050713867,70.06001101257591
549,35.0781722,136.0341713,594281.7580335406,3882201.145946345,10.509139439718886
550,35.078192200000004,136.0304695,593944.2425442566,3882199.8690810944,44.61951581056831
553,35.07837709999999,136.0301257,593912.686461109,3882220.0512360204,68.01401471154921
554,35.07834799999999,136.01937,592932.1271258907,3882206.743763743,0.0
556,35.078413799999986,136.0313468,594023.9715613405,3882225.2725022677,45.284241540851326
558,35.078473,136.0344243,594304.4778439607,3882234.745135713,26.82778904014621
559,35.0786673,136.0415215,594951.3014013058,3882263.03109604,0.0
563,35.078941999999984,136.0314075,594028.8994583405,3882283.9091409044,10.342702996551333
564,35.0790259,136.0328951,594164.4260416206,3882294.6182263256,69.876572034366
565,35.0792424,136.0320011,594082.6724673603,3882317.7847443465,18.91487904600759
569,35.0794899,136.0398541,594798.3339151174,3882352.673645784,0.0
570,35.0792637,136.0308545,593978.1140614039,3882319.0653897235,58.29326504169587
572,35.0796648,136.0400709,594817.8968533855,3882372.276944147,0.0
573,35.0793888,136.0306305,593957.5488467085,3882332.728292079,86.21792075001166
574,35.079665799999994,136.0353092,594383.779871825,3882367.8687581616,26.141852586673796
2623,35.0728606,136.0154603,592581.8804742668,3881594.5337141347,0.0
2624,35.067798599999996,136.01821210000003,592838.5105092656,3881035.6991358683,0.0
2625,35.0673653,136.0179595,592815.9687035291,3880987.4095131303,0.0
2626,35.07759839999999,136.0217133,593146.6167589601,3882125.797485538,0.0
576,35.0797092,136.0320355,594085.2726910502,3882369.5871130726,37.72792077487062
2628,35.07375679999999,136.0258695,593529.923341962,3881703.6414268287,176.5512383957907
579,35.07976879999999,136.0276732,593687.5018660569,3882372.088207962,1.3402513931325721
582,35.0801892,136.0355963,594409.3512210702,3882426.1877250723,0.0
581,35.080232499999994,136.0391174,594730.311600993,3882434.3305120226,0.0
584,35.0803831,136.0393198,594748.5897859171,3882451.2250137604,0.0
583,35.080299399999994,136.0354297,594394.0357423635,3882438.2515503843,0.0
2630,35.07342239999999,136.0252115,593470.311750557,3881665.9381390293,112.42220619182638
587,35.08058679999999,136.0284066,593753.428564553,3882463.4970610854,99.41150719879204
588,35.080046,136.0208278,593063.1056333514,3882396.41824512,0.0
2629,35.07540839999999,136.0271385,593643.7369188094,3881888.0011936114,6.552118549831256
590,35.080530499999995,136.0356211,594411.218928397,3882464.0627059266,0.0
598,35.08120950000001,136.0373826,594571.0263797378,3882541.0363098616,0.0
599,35.0814543,136.0334708,594214.1197707037,3882564.481110923,52.12144881416587
601,35.0815024,136.0290997,593815.5681643526,3882565.692713078,228.52724136204026
604,35.08165209999999,136.0365565,594495.2032753399,3882589.338896244,10.481048369185949
607,35.081709499999995,136.0377462,594603.5972231502,3882596.8333077123,0.0
610,35.08205979999999,136.0278551,593701.4653770388,3882626.3397693387,407.03056900022386
611,35.082294399999995,136.0255441,593490.5142831749,3882650.1877145176,0.0
613,35.0822237,136.037022,594536.9815374835,3882653.172985108,24.804144433576468
614,35.08197460000001,136.0379911,594625.6176071841,3882626.4664069503,0.0
617,35.08246909999999,136.0430758,595088.593952701,3882686.147433693,0.0
620,35.08272650000001,136.0424568,595031.8641558008,3882714.1037642434,0.0
621,35.0827806,136.0385299,594673.8063355845,3882716.3666287693,0.0
624,35.0827848,136.0345625,594312.1144107553,3882713.071169157,0.0
625,35.08298930000001,136.034708,594325.1434461701,3882735.8887034114,0.0
626,35.0831103,136.02621790000003,593551.0097900629,3882741.306337122,15.463973719875677
627,35.0833311,136.0391228,594727.2214569552,3882777.982589806,0.0
628,35.0834746,136.0378908,594614.741479458,3882792.727103045,0.0
630,35.0835739,136.0411525,594911.9761358479,3882806.841000015,0.0
635,35.08416249999999,136.0394131,594752.7248785162,3882870.4640976433,0.9145563718240897
644,35.084336300000004,136.0328388,594153.1907647572,3882883.508912882,0.0
2627,35.076614299999996,136.0236125,593320.8882256841,3882018.433461205,0.0
2318,35.07102149999999,136.0157708,592612.268465064,3881390.8594954987,0.0
2400,35.0838916,136.0393432,594746.6658523038,3882840.3537587305,0.0
2319,35.07138170000001,136.0159944,592632.2487218234,3881431.0146514946,0.0
2499,35.065638299999996,136.0345858,594333.9721700435,3880811.482057607,0.0
1434,35.075375400000006,136.0287125,593787.2808049945,3881885.821034847,40.06773218205114
2486,35.0688384,136.0274715,593681.6063866338,3881159.6772062397,0.0
2490,35.067502,136.0273002,593667.5141951281,3881011.3047580235,24.20394465397066
1287,35.068452799999996,136.0218029,593165.180744753,3881111.601454434,38.50368933247062
1288,35.06890839999999,136.0214596,593133.360841182,3881161.808367796,36.09404702791373
1289,35.06906749999999,136.0221139,593192.8390793793,3881180.064476372,65.80301220958108
1290,35.069111000000014,136.0211198,593102.147755932,3881183.9600710855,15.255174930066293
1291,35.069502800000016,136.0217148,593155.9545043677,3881227.967818715,64.7798562784593
1292,35.069506399999995,136.0230042,593273.5171294832,3881229.572536508,39.21422410206191
1293,35.06971600000001,136.0226452,593240.5453111321,3881252.4821324465,0.0
1299,35.078299499999986,136.0194591,592940.3053382436,3882201.448006228,0.0
459,35.0738584,136.0277662,593702.7382614651,3881716.690302311,39.96779715015169
1316,35.06871960000001,136.0246956,593428.6347298631,3881143.8972319337,440.9258778395552
1317,35.08059089999999,136.0390006,594719.2489207113,3882473.967478498,0.0
460,35.07412649999999,136.0320712,594094.9372424443,3881750.478341852,0.0
2496,35.0659038,136.0347796,594351.3380426244,3880841.110324336,0.0
1361,35.08094030000001,136.0380662,594633.6587304065,3882511.8297807463,0.0
1365,35.0840613,136.0399457,594801.3955318066,3882859.7470758227,0.0
2315,35.071675899999995,136.0154617,592583.346295293,3881463.1476505133,0.0
2498,35.0653261,136.0357192,594437.6795408129,3880777.930781953,0.0
2316,35.071372000000004,136.0151577,592555.971673163,3881429.1618271195,0.0
1418,35.07356670000001,136.0264793,593585.7387428682,3881683.130907304,23.075157699453023
1419,35.07328609999999,136.0262381,593564.0676773359,3881651.78495389,37.13284259843016
1421,35.0770609,136.0311972,594011.8846586113,3882075.089691179,4.100941861785158
1422,35.0742406,136.03000010000002,593905.9753285984,3881761.1796223265,30.442491898302958
1423,35.079117800000006,136.0319038,594073.9448029008,3882303.8742987546,32.540860912303955
1424,35.07820170000001,136.0317551,594061.4395585539,3882202.135006204,51.24996527185452
1425,35.07810909999999,136.0310874,594000.6716974683,3882191.23547688,31.232586495962227
1426,35.07769340000001,136.0318109,594067.1103131833,3882145.8152674334,54.0625288240409
1427,35.0773238,136.0325091,594131.1900226902,3882105.4843064253,41.18516501088014
1428,35.077244699999994,136.0308641,593981.3047862477,3882095.1597132687,50.08542945731008
1429,35.07658349999999,136.0303553,593935.6749511505,3882021.350589182,50.44421441113973
1430,35.0760669,136.0306522,593963.3361164357,3881964.337526512,3.5559893914951326
1431,35.0765389,136.0297757,593882.8829862471,3882015.8582777274,18.82820296169104
1432,35.0753984,136.030076,593911.5687482113,3881889.65543144,58.17961401209384
2320,35.0706584,136.0155397,592591.6074663441,3881350.3758042767,0.0
1433,35.07588190000001,136.0292216,593833.1170252361,3881942.4728371156,47.807086844925756
1435,35.074859599999996,136.02964,593872.4345018652,3881829.4898743113,51.97089143691233
1436,35.0751068,136.0284425,593762.9714133005,3881855.7783235675,48.21026678838275
1437,35.07459029999999,136.0294147,593852.2014968778,3881799.411382981,41.85976022662572
1438,35.07379579999999,136.029333,593845.6623289874,3881711.22149244,32.985556353742446
1439,35.0741523,136.0287121,593788.6440062405,3881750.1743550138,40.89592851405678
1440,35.07461579999999,136.027898,593713.8890319667,3881800.8126298445,41.75824315192513
1441,35.073565499999994,136.0289647,593812.3462943829,3881685.33374501,20.45963081028463
1442,35.0738756,136.0284341,593763.6141074746,3881719.225809719,30.259584516523155
1443,35.0743342,136.0276246,593689.2840339254,3881769.325185451,31.10413925989932
1444,35.073589000000005,136.0276013,593688.011519017,3881686.6578793707,41.17195049048502
2322,35.071952399999994,136.0159511,592627.6558129414,3881494.267040674,0.0
2323,35.0727584,136.01654280000002,592680.6936304913,3881584.2051557186,0.0
1451,35.0798644,136.0343275,594294.0514950047,3882388.9651590697,0.0
1452,35.08008689999999,136.0323228,594111.0314987091,3882411.7467011213,102.22576612067834
2324,35.072528699999985,136.0169249,592715.791708679,3881559.085893865,0.0
1455,35.06813360000001,136.0260017,593548.3940467526,3881080.1323913606,188.0305535333617
1456,35.0689796,136.0225255,593230.4686906028,3881170.7008467447,121.44287193286976
2325,35.07174959999998,136.016319,592661.4289534608,3881472.1176795023,0.0
1458,35.0736059,136.0309595,593994.1757647956,3881691.693170127,6.974262516956799
2500,35.0657922,136.0352978,594398.7178483595,3880829.2239365103,0.0
465,35.07451389999999,136.0302762,593930.8352999601,3881791.7497112537,27.30674596512736
2501,35.0654582,136.0349657,594368.8202098825,3880791.867786226,0.0
2503,35.065152299999994,136.035105,594381.8742982274,3880758.074215911,0.0
468,35.07440849999998,136.0325807,594141.0666559669,3881782.2341997568,0.0
1551,35.083202799999995,136.0397657,594785.9793405575,3882764.364814195,0.0
1552,35.08350659999999,136.0399158,594799.3115855729,3882798.200196353,0.0
1553,35.08111469999999,136.0392909,594745.109091263,3882532.3348532245,0.0
1554,35.0807608,136.0387441,594695.6681743886,3882492.566342111,35.187481537207596
1555,35.0814319,136.039363,594751.3153953032,3882567.5821164893,0.0
1556,35.0814985,136.0389721,594715.6015037543,3882574.596798128,0.0
1557,35.08118749999999,136.038901,594709.4790680187,3882540.0381162227,0.0
1558,35.08159439999999,136.0383245,594656.4514751441,3882584.617297997,0.0
1559,35.0820785,136.0392448,594739.7918849066,3882639.1802494763,0.0
1560,35.08193940000001,136.03820760000002,594645.3956372582,3882622.768144898,0.0
1561,35.0820535,136.0395044,594763.4873827011,3882636.6544316714,0.0
1562,35.0810096,136.0398516,594796.3478260862,3882521.2119565764,0.0
1563,35.0808229,136.0391292,594730.7048046918,3882499.8193989526,0.0
1564,35.0810984,136.0395363,594767.500239078,3882530.7604071563,0.0
1565,35.08123169999999,136.0401664,594824.7900906511,3882546.143155442,0.0
1566,35.0817467,136.0394346,594757.478838197,3882602.562742045,0.0
1567,35.08146949999999,136.0405034,594855.2379150272,3882572.836765842,0.0
1568,35.08175729999999,136.0406749,594870.539693399,3882604.9181446596,188.44431829219073
1569,35.082274799999986,136.0397933,594789.5691022698,3882661.4721831623,0.0
1570,35.0823097,136.0395626,594768.4968866273,3882665.123358568,0.0
1571,35.08256239999999,136.0383481,594657.4846674479,3882691.994719236,0.0
1572,35.0825874,136.0396258,594773.9373108915,3882695.9814794734,0.0
1573,35.082559,136.040256,594831.4223738133,3882693.4312178204,0.0
1574,35.0824059,136.0404955,594853.4336469623,3882676.6797145233,0.0
1575,35.08288769999999,136.0396941,594779.8164897806,3882729.350885129,0.0
1576,35.0830449,136.0387855,594696.8025748327,3882745.9213570515,0.0
1577,35.0829332,136.0394385,594756.4621762632,3882734.1539896945,0.0
1579,35.083262700000006,136.0435945,595134.959835061,3882774.6558262696,0.0
1581,35.08395910000001,136.0425876,595042.3586419893,3882850.9287638892,0.0
1582,35.084118299999986,136.0427779,595059.522341465,3882868.766167616,0.0
1583,35.0828293,136.0428803,595070.3531998541,3882725.9085627617,0.0
1584,35.0834248,136.0433605,595113.4392055278,3882792.4100407814,0.0
1585,35.08360690000001,136.0430977,595089.2699263958,3882812.3549084687,0.0
1586,35.083831599999996,136.0427735,595059.4538744143,3882836.965788,0.0
1587,35.08344609999999,136.0423533,595021.5940095907,3882793.811606527,0.0
1588,35.0840437,136.0424239,595027.3370483418,3882860.15515469,0.0
1596,35.06907679999999,136.03272,594159.8919168543,3881191.060576883,0.0
1597,35.06857329999999,136.0318042,594076.9671308137,3881134.356127226,0.0
1598,35.0688766,136.0314836,594047.3866856245,3881167.6907445425,0.0
1599,35.06601440000001,136.029695,593887.5797427224,3880848.5769194625,0.0
1600,35.0722214,136.031862,594078.0502848505,3881538.9982718285,24.02828888090181
1601,35.0725173,136.0312895,594025.5123118446,3881571.274592694,29.70583773900363
1602,35.07243299999999,136.03202150000004,594092.3500203348,3881562.6160123246,29.327898466344305
1603,35.0732206,136.0305799,593960.0074745177,3881648.6041504615,6.5095155249538115
1604,35.073066000000004,136.0314285,594037.5562552357,3881632.2585470416,31.3027742200597
1605,35.072850299999985,136.031249,594021.4376852878,3881608.167324175,35.74900852886525
1606,35.07343589999999,136.0307382,593974.1936739838,3881672.6309188167,3.157003829907448
1607,35.073258,136.0315874,594051.8237232879,3881653.7019494544,33.93722428498215
1608,35.07281459999999,136.0323444,594121.3526196997,3881605.241655941,45.14971281532034
1609,35.0717992,136.0341493,594287.0839222376,3881494.3354822695,14.164471788917808
1610,35.0725886,136.0321646,594105.2186892477,3881580.007690611,18.82331945138614
1611,35.07219359999999,136.0344713,594315.9890717234,3881538.3804734997,10.414449940019123
1612,35.0730137,136.0304272,593946.3221531308,3881625.5142745823,6.474409354523959
1613,35.074016199999996,136.0322262,594109.195919568,3881738.391968203,25.546465940053096
1614,35.073728599999995,136.0312377,594019.399873839,3881705.563382086,11.20647994997766
1615,35.07344169999999,136.0317398,594065.508010329,3881674.2187426356,26.887019953901035
1616,35.07300819999999,136.0325126,594136.4660347758,3881626.8714195155,38.744351634370084
1617,35.072504,136.0333939,594217.3986814804,3881571.786276853,41.203200544418635
1618,35.071995799999996,136.0343051,594301.0631039732,3881516.2865045886,9.945909710005154
1619,35.07181400000001,136.0315402,594049.1771607082,3881493.5125021343,27.10584989182481
1620,35.074195799999984,136.0334728,594222.6475542487,3881759.487759662,22.62067615046648
1621,35.0738238,136.032064,594094.6283079964,3881716.9009913094,20.67284962673442
1622,35.073403299999995,136.0328231,594164.3221318354,3881670.9827045565,40.085308512281465
1623,35.0738585,136.0315301,594045.9103255143,3881720.2455680245,11.806211847254742
1624,35.0736325,136.0318972,594079.6399589566,3881695.5276930374,29.62099440926316
1625,35.0731965,136.0326698,594150.5825355547,3881647.903032523,44.91230171116258
1626,35.071980999999994,136.0348939,594354.7650105474,3881515.2022111854,0.0
1627,35.072042599999996,136.0347554,594342.0661261912,3881521.9028123803,0.0
1628,35.07187739999999,136.0346485,594332.5094640024,3881503.4803678403,0.0
1629,35.07047969999999,136.0317207,594067.1658471851,3881345.704031868,9.556123672669726
1630,35.0721063,136.0330815,594189.3722649369,3881527.3846919998,36.05188728344436
1631,35.0727099,136.0335586,594232.1786749435,3881594.777010145,44.53247818780882
1632,35.0718234,136.0335745,594234.6475832916,3881496.475905158,45.00138631491775
1633,35.0716232,136.033433,594221.9761834907,3881474.139250567,53.34559955725338
1634,35.0719006,136.0329128,594174.2271115991,3881504.4124375423,23.731702505317912
1635,35.07129900000001,136.0339582,594270.2352890545,3881438.6807439458,2.776097448458428
1636,35.07168939999999,136.0327446,594159.1337868286,3881480.8307126528,23.23149408420073
1637,35.0711402,136.0337102,594247.8058569457,3881420.8347737957,13.600439591909133
1638,35.0716626,136.0344941,594318.6789264912,3881479.5121734245,0.0
1639,35.07049580000001,136.0326948,594155.9642444032,3881348.409057515,19.868724111222893
1640,35.0708655,136.0319994,594092.1344083656,3881388.7536457605,14.817460429918565
1641,35.0706525,136.0329378,594177.9405558794,3881366.017170966,20.756661455151004
1642,35.0710427,136.0321463,594105.3250148756,3881408.54441999,38.27120483217692
1643,35.07081659999999,136.03320290000002,594201.9233130774,3881384.466907675,25.799352405158526
1644,35.07127019999999,136.0324021,594128.3870393466,3881434.0164780896,29.473725121071627
1645,35.07097139999999,136.0334519,594224.4487003449,3881401.870090249,14.950093115194672
1646,35.0714785,136.0325569,594142.2620799991,3881457.2638732293,73.39054976147918
1647,35.072191700000005,136.0311748,594015.4278835575,3881535.0561869624,186.68651486278435
1648,35.07193869999999,136.0316426,594058.3705790364,3881507.4387920247,28.372663689381103
1649,35.0729387,136.0336601,594241.1699559652,3881620.247721275,30.411765606875317
1650,35.0742835,136.03276570000003,594158.0774619435,3881768.545946819,45.458488354776364
1651,35.07399039999999,136.03330420000003,594207.5116670474,3881736.5487976363,39.43293340342184
1652,35.073498399999984,136.0341626,594286.3418715231,3881682.795657632,38.766695907269174
1653,35.074266200000004,136.0323354,594118.8650782093,3881766.220987248,4.665511669482712
1654,35.0737894,136.0331358,594192.3888800531,3881714.0980285476,37.92385589631387
1655,35.073318699999994,136.0339966,594271.4135014735,3881662.7092758035,21.30396468349961
1656,35.073595399999995,136.0329808,594178.4797177563,3881692.436271447,38.075362675126705
1657,35.07312159999999,136.0338278,594256.2497832192,3881640.6905484693,22.554911249730758
1658,35.0685439,136.0294172,593859.3528984424,3881128.8459558925,0.0
1659,35.0688059,136.0295873,593874.5626755597,3881158.0628337986,0.0
1660,35.067930499999996,136.0301196,593924.1009091219,3881061.4791218764,0.0
1661,35.0705124,136.0295181,593866.2988659056,3881347.25469298,0.0
1662,35.0699052,136.0284002,593765.0651630821,3881278.862132221,0.0
1663,35.069452,136.0279828,593727.5252352551,3881228.2081669536,0.0
1664,35.069777599999995,136.028633,593786.437629225,3881264.9297905345,0.0
1665,35.0693101,136.02821,593748.4035050091,3881212.6845500465,0.0
1666,35.0688146,136.029,593821.0025601378,3881158.474905556,0.0
1667,35.069216100000006,136.0271262,593649.6903696752,3881201.2411047365,98.91165734975641
1668,35.068841899999995,136.028101,593739.000316801,3881160.6570107243,0.0
1669,35.0691709,136.028435,593769.0781622814,3881197.4583506244,0.0
1670,35.069705799999994,136.0289196,593812.6517477816,3881257.236538473,0.0
1671,35.06900199999998,136.0282827,593755.3846489097,3881178.583514135,0.0
1672,35.06863930000001,136.0288597,593808.410578886,3881138.901498007,0.0
1673,35.0696447,136.0291902,593837.394794811,3881250.7149711465,0.0
1674,35.068682499999994,136.0292066,593839.991616753,3881144.01896534,0.0
1675,35.0696902,136.0290087,593820.7936731008,3881255.590280716,0.0
1676,35.07031709999999,136.0292242,593839.7251306423,3881325.318559297,0.0
1677,35.070411400000005,136.0288893,593809.0815101773,3881335.46161585,0.0
1678,35.0702181,136.0295551,593870.0094898499,3881314.650591749,0.0
1679,35.068930699999996,136.0304708,593954.9773891456,3881172.735782593,0.0
1680,35.07043490000001,136.031765,594071.2564647424,3881340.777345346,2.5162566503665587
1681,35.0690779,136.0303044,593939.6363308727,3881188.904004682,0.0
1682,35.0693928,136.0299363,593905.7122519377,3881223.48080095,0.0
1683,35.06943,136.0307041,593975.6773037007,3881228.3298249836,0.0
1684,35.0696662,136.0309627,593998.9854847603,3881254.769031583,0.0
1685,35.07066869999999,136.0304602,593952.0188435026,3881365.476290926,0.0
1686,35.0710302,136.0307115,593974.5174705656,3881405.804794372,98.85290636968755
1687,35.0702261,136.0301091,593920.5133119746,3881316.059549171,0.0
1688,35.06932389999999,136.0300736,593918.3101512631,3881215.968864543,0.0
1689,35.069630700000005,136.030327,593941.063486267,3881250.2328154487,0.0
1690,35.0705417,136.0306724,593971.5124504146,3881351.5915112565,0.0
1691,35.07002769999998,136.0302798,593936.3048730025,3881294.2170826225,0.0
1692,35.0699056,136.0311682,594017.4482514482,3881281.513120621,0.0
1693,35.070288600000005,136.030476,593953.8951305685,3881323.336708059,0.0
1694,35.07011049999999,136.0303249,593940.3221504968,3881303.442395007,0.0
1695,35.0705559,136.0294247,593857.7329991431,3881351.9910718366,0.0
1696,35.0710181,136.02977990000002,593889.5901106701,3881403.585166409,15.555582776561307
1697,35.07045140000001,136.0296673,593879.9725391763,3881340.6300484696,0.0
1698,35.0709059,136.0299941,593909.2489386275,3881391.3435134436,30.725701864273113
1699,35.0703386,136.0298897,593900.3798374814,3881328.329553844,0.0
1700,35.070785199999996,136.0302203,593930.011697052,3881378.1705264356,15.393218711021154
1701,35.07108830000001,136.0296325,593876.070105984,3881411.2318035252,7.649569527585685
1702,35.07124970000001,136.0281417,593739.957806756,3881427.7289630543,0.0
1703,35.0716241,136.0287404,593794.1173611401,3881469.8143527773,0.0
1704,35.0711021,136.0283708,593761.0154124872,3881411.575015399,0.0
1705,35.0703927,136.0274073,593673.976420494,3881331.9943272853,0.0
1706,35.07008859999999,136.0272128,593656.5896640404,3881298.0858232337,81.6476188020994
1707,35.06540689999999,136.027887,593723.414738012,3880779.502163092,88.04897322889795
1708,35.06372180000001,136.0263701,593587.0212030297,3880591.194007077,12.680395364588424
1709,35.0649862,136.0274747,593686.3003092926,3880732.4576104297,1216.1118741748855
1710,35.0629375,136.0270727,593651.9842367112,3880504.8720357646,0.0
1711,35.0624489,136.0267455,593622.7058297938,3880450.3773719897,3.3730996912198123
1712,35.06120419999999,136.0258149,593539.266855324,3880311.4625960696,16.06488688123674
1713,35.0625483,136.0233438,593312.4009509247,3880458.212837631,6.0351086155665365
1714,35.0620547,136.0242344,593394.1744525533,3880404.304628136,7.569025968815277
1715,35.0616251,136.0238862,593362.9120467196,3880356.3344813925,0.0
1716,35.06138769999999,136.0236784,593344.2333951746,3880329.811491268,0.0
1717,35.06207070000001,136.0230539,593286.5091680936,3880404.974145422,0.0
1718,35.0628793,136.0236736,593342.0976585398,3880495.2305193683,15.741234252221071
1719,35.0618583,136.0234465,593322.5511917797,3880381.7855916917,0.0
1720,35.06230359999999,136.0237973,593354.0329253629,3880431.4992163894,23.975968687414216
1721,35.0618684,136.0246214,593429.6763746156,3880384.0058278507,9.141754565416424
1722,35.06302190000001,136.0255672,593514.6063313509,3880512.819451886,20.530306552727712
1723,35.06218899999999,136.0248726,593452.2173833476,3880419.7968376186,46.674255317234554
1724,35.0626674,136.0240536,593376.9899568419,3880472.085840673,44.1141968938375
1725,35.063491,136.0247258,593437.347306729,3880564.055546525,21.374308200191344
1726,35.0642452,136.0253009,593488.928461212,3880648.237951705,81.04875597931606
1727,35.063236,136.0251623,593477.4407686994,3880536.1842542253,33.583129470147895
1728,35.0624162,136.0245013,593418.100587654,3880444.646206352,41.395852968244235
1729,35.0616443,136.0250293,593467.127377337,3880359.534602797,28.892872872003764
1730,35.0624653,136.0256942,593526.8219274671,3880451.2096995697,38.199261673912474
1731,35.06267419999998,136.0252988,593490.5282926108,3880474.006664215,66.60557531876653
1732,35.0620708,136.0265104,593601.6993197484,3880408.224086293,22.931147909442252
1733,35.0622676,136.0260873,593562.8932349728,3880429.6528373067,54.32056753428148
1734,35.061429399999994,136.0254095,593502.0421734436,3880336.057868245,36.58455670340713
1735,35.06167399999999,136.0249538,593460.2088181716,3880362.7576741856,13.829984396403283
1736,35.0612446,136.0245718,593425.8641986165,3880314.777814445,0.0
1737,35.06291240000001,136.0257925,593535.2755975979,3880500.8868253254,17.58147482807632
1738,35.06341929999999,136.026197,593571.5821550144,3880557.48326855,0.0
1739,35.0633062,136.0263909,593589.3922594168,3880545.1220488795,0.0
1740,35.062822999999995,136.0259847,593552.9036989372,3880491.1523511317,0.0
1741,35.063094299999996,136.0267633,593623.592012495,3880521.9711728096,0.0
1742,35.0626304,136.0263806,593589.2244196533,3880470.1638284344,11.980573819987557
1743,35.0628735,136.0270491,593649.9053284582,3880497.75205093,0.0
1744,35.06262989999999,136.0274448,593686.2662949166,3880471.107646923,0.0
1745,35.0619557,136.0276363,593704.4991064095,3880396.516462724,0.0
1746,35.0625977,136.0268498,593632.0467436933,3880466.9777306695,4.269552021431532
1747,35.0644284,136.0295081,593872.3535047926,3880672.507956144,0.0
1748,35.0638115,136.0292494,593849.4700534552,3880603.8480770416,0.0
1749,35.0635307,136.0291247,593838.4205609276,3880572.5890217978,0.0
1750,35.0629995,136.0294669,593870.2326060804,3880513.999156098,0.0
1751,35.0636479,136.0287821,593807.0461083045,3880585.264570972,0.0
1752,35.06264099999999,136.0211454,593111.8298760315,3880466.4387006913,0.0
1753,35.0616803,136.0213657,593133.0095694897,3880360.0995429675,157.4503568079009
1754,35.0622844,136.0218786,593179.0934485055,3880427.5753950914,0.0
1755,35.0620075,136.022289,593216.8315655069,3880397.249792343,0.0
1756,35.06231329999999,136.0226021,593245.0346901544,3880431.4567655455,0.0
1757,35.06177050000001,136.0220497,593195.2797096714,3880370.74203097,0.0
1758,35.0619956,136.0216271,593156.4879220293,3880395.3115310115,0.0
1759,35.062355000000004,136.0209484,593094.1907496849,3880434.536410302,32.87918770625071
1760,35.06247029999999,136.0223076,593218.001509489,3880448.5932687093,0.0
1761,35.0631786,136.0228464,593266.327499807,3880527.649941737,0.0
1762,35.0620027,136.0231819,593298.2585644771,3880397.5524595296,0.0
1763,35.072302199999996,136.0332438,594203.9450747414,3881549.264070463,36.10668297065178
2512,35.0654102,136.0370991,594563.4075973888,3880788.565515993,0.0
1808,35.064258800000005,136.0401047,594838.8024592956,3880663.7255087774,0.0
1809,35.064091600000005,136.0401395,594842.1691240214,3880645.2155181793,0.0
1810,35.070056599999994,136.0365893,594511.5649895273,3881303.384936818,0.0
1811,35.0692634,136.0374881,594594.4319499878,3881216.2684848947,0.0
1812,35.0687745,136.0363883,594494.7159674512,3881161.004804604,0.0
1813,35.0690322,136.0355981,594422.3684243486,3881188.8360708244,0.0
1814,35.068440599999995,136.0371652,594565.9391687813,3881124.710631181,0.0
1815,35.06797279999999,136.0373915,594587.1131307258,3881073.04454494,244.39845692260837
1816,35.0682491,136.0368888,594540.9576680739,3881103.2104651406,0.0
1817,35.06848999999999,136.0370453,594554.9496187604,3881130.0755621255,0.0
1818,35.0705535,136.037047,594552.7244060134,3881358.9269529018,0.0
1819,35.070528100000004,136.0386733,594701.0371592316,3881357.653512692,0.0
1820,35.06999090000001,136.0360101,594458.8298667057,3881295.5496780626,0.0
1821,35.0698747,136.0362308,594479.0870017083,3881282.871781514,0.0
1822,35.0702245,136.0365386,594506.7486395666,3881321.957609608,0.0
1823,35.0700819,136.0366108,594513.4961650945,3881306.2111811126,0.0
1824,35.063879,136.0390114,594739.5483199788,3880620.565050592,0.0
1825,35.0647678,136.0386258,594703.360420747,3880718.7699129125,0.0
1826,35.0639843,136.0404148,594867.3966734821,3880633.577430945,0.0
1827,35.0697326,136.018884,592897.5834809401,3881250.812247617,0.0
1828,35.070270799999996,136.0220211,593183.0097078241,3881313.427948739,54.949578000311114
1829,35.071367899999984,136.0229462,593266.1106653021,3881435.9652285124,96.42345270353843
1830,35.0716206,136.0252946,593479.9433446866,3881466.1899291384,96.26695139655017
1831,35.0718143,136.024942,593447.5734751481,3881487.3414089875,31.02174277118131
1832,35.0723982,136.0237831,593341.2436770258,3881551.012396672,59.01671941912146
1833,35.0728745,136.0235129,593316.0655940302,3881603.5828381767,15.808476694205805
1834,35.0720332,136.0244737,593404.6259038247,3881511.1793704117,78.71982464750099
1835,35.070988400000005,136.0236213,593328.0965820836,3881394.509064453,52.25440503099841
1836,35.0702636,136.0233505,593304.2306691052,3881313.872713338,33.54477229354971
1837,35.0700659,136.0234843,593316.6554258303,3881292.0723030074,4.425617378521383
1838,35.0703811,136.0247518,593431.8652725765,3881328.216144062,21.373092129170818
1839,35.0724075,136.0261059,593553.0171531398,3881554.2209674623,160.7581840528104
1840,35.0720535,136.0266851,593606.2306942092,3881515.5047402615,93.5554454792654
1841,35.07706979999999,136.0312821,594019.6148723353,3882076.156805314,10.726827975498711
1842,35.0769777,136.0312825,594019.7570060075,3882065.9429461956,32.153833141400874
1843,35.07810119999999,136.0298996,593892.3891358984,3882189.2398984237,129.4701773322727
1844,35.0788157,136.0316398,594050.2229737515,3882270.121142917,15.315951992767484
1845,35.0790738,136.0311908,594008.9919324293,3882298.321870918,37.14338634818717
2401,35.0834483,136.0392019,594734.2970268151,3882791.055714784,0.0
2402,35.0839361,136.0355048,594396.6924578804,3882841.646891174,0.0
1864,35.07204089999999,136.0157906,592612.9219697337,3881503.932895334,0.0
1873,35.06426019999999,136.0177689,592802.1042268329,3880642.865955949,0.0
1875,35.06423959999999,136.0193851,592949.5010982974,3880642.086645676,12.323306419098564
1876,35.0640673,136.0186407,592881.8180073639,3880622.2843754413,0.0
1877,35.064020600000006,136.0182065,592842.2781833413,3880616.700843638,0.0
1878,35.064732,136.0186529,592882.1774470607,3880696.013220521,0.0
1880,35.066604100000006,136.0162619,592662.0389750759,3880901.410941953,0.0
1894,35.06299469999999,136.0168793,592722.4170145382,3880501.6902252967,0.0
1895,35.0651119,136.0184429,592862.5983694162,3880737.9498340907,0.0
1896,35.06578069999999,136.0193932,592948.4925283015,3880813.0074360464,0.0
1904,35.078520099999984,136.041882,594984.3385917936,3882247.0494908253,128.0027584260279
1905,35.0795755,136.0428224,595068.8499865765,3882364.993988522,322.95124525429964
1912,35.0667787,136.0162571,592661.4039527276,3880920.770214937,0.0
1921,35.073024499999995,136.0248744,593440.0302607189,3881621.493590442,77.40369206101687
1922,35.07248640000002,136.0243944,593396.8791833888,3881561.366588708,52.02164591361666
1947,35.0663317,136.0306,593969.7369883679,3880884.619116886,0.0
1948,35.0627875,136.0158646,592630.1240671986,3880477.768044183,0.0
1949,35.0751048,136.027745,593699.3803770934,3881854.9007155285,25.001116598678905
1950,35.076676,136.0295508,593862.2214560689,3882030.8513981765,8.875211579187926
1951,35.07690439999999,136.02903,593814.4778784878,3882055.691565733,159.86409226460188
1952,35.08102409999999,136.0377289,594602.8114061737,3882520.8033446036,0.0
1953,35.0797564,136.0370916,594546.1735855663,3882379.6058065216,0.0
1954,35.0808407,136.0366973,594508.9753491598,3882499.4849639446,0.0
1955,35.080643099999996,136.0370621,594542.4610406948,3882477.916302111,0.0
1956,35.0799636,136.0372197,594557.6131198516,3882402.7066016938,141.00797243031235
1957,35.0801888,136.0365927,594500.1911239756,3882427.087548391,0.0
1958,35.0801174,136.0367306,594512.8454987854,3882419.299756319,0.0
1959,35.080642399999995,136.0374372,594576.6586471251,3882478.1945111835,73.92710455519942
1960,35.0803337,136.0341277,594275.2961811343,3882440.8233479206,0.0
1961,35.0800126,136.0339771,594261.9357472432,3882405.069695138,0.0
1962,35.083279000000005,136.0338348,594245.205352255,3882767.1915493477,0.0
1963,35.0827353,136.0340364,594264.2095924161,3882707.0837436267,0.0
1964,35.0826811,136.0342058,594279.7152763834,3882701.2329745446,0.0
1965,35.0825916,136.0338731,594249.4876850727,3882690.9924266147,0.0
1966,35.08249809999999,136.0358551,594430.2843962916,3882682.498872289,59.2139003810954
1967,35.083440499999995,136.0350913,594359.567156122,3882786.2913578674,0.0
1968,35.08411879999999,136.0356534,594410.0288143705,3882862.049789919,0.0
1969,35.0837013,136.0366461,594501.008162273,3882816.688167664,0.0
1970,35.08339109999999,136.0350457,594355.4669689914,3882780.7695349,0.0
1971,35.083741200000006,136.034467,594302.3073504408,3882819.049307904,0.0
1972,35.084243699999995,136.0348219,594334.0827471567,3882875.114377257,0.0
1973,35.0840526,136.0350998,594359.6370763661,3882854.1836979343,0.0
2011,35.0824798,136.0350884,594360.4092134786,3882679.7432244695,0.0
2012,35.0820247,136.0347612,594331.1039591202,3882628.961149472,0.0
2013,35.08247239999999,136.035916,594435.8659711273,3882679.706340373,0.0
2014,35.082135599999994,136.0356816,594414.8849781842,3882642.131844905,0.0
2019,35.0651212,136.0305159,593963.4558646439,3880750.291114858,0.0
2020,35.06560699999999,136.0301562,593930.1002707754,3880803.8291642484,0.0
2045,35.0703284,136.0324434,594133.2342358232,3881329.6063995105,13.981402369916239
2046,35.07066919999999,136.0318367,594077.5250495616,3881366.8297238443,45.21362558265732
2047,35.063493300000005,136.0202941,593033.2352918471,3880560.1671162397,0.0
