node,lat,lon,x_m,y_m,p_kw,cluster
6144,36.32703089999999,139.5885901,373316.4032435168,4021146.399461648,70.23025863671367,66.0
6145,36.32728639999999,139.5891817,373369.9200945483,4021173.9673575046,24.57810835237599,66.0
6146,36.3273127,139.5901077,373453.0821781347,4021175.6725368295,41.455166997045175,49.0
6147,36.3272521,139.5906022,373497.3714530505,4021168.303067487,98.82484344338395,49.0
6148,36.32784860000001,139.5901694,373459.4872181604,4021235.039605204,48.43573936004301,50.0
6149,36.33752369999999,139.5831657,372846.55347791134,4022317.496565428,56.78561388550183,139.0
6150,36.3370668,139.5829656,372827.8515402711,4022267.075376584,77.37014049077904,7.0
6151,36.33678439999999,139.587438,373228.7950821535,4022229.874200098,123.5307266757886,67.0
6152,36.3362919,139.5872071,373207.2731799524,4022175.54350151,10.529191281835502,67.0
6153,36.3356591,139.5873951,373223.1208120128,4022105.0998129854,39.0618556618405,67.0
6154,36.3354791,139.587982,373275.5048318887,4022084.362743398,45.44802093324331,67.0
6155,36.3200935,139.5860121,373073.7440220004,4020380.2088610167,10.862302741361908,40.0
6156,36.320193200000006,139.5863157,373101.15992313775,4020390.870237292,40.60063842829908,40.0
6157,36.32050239999999,139.586314,373101.5086764415,4020425.1722498233,0.0,
6158,36.31978869999999,139.58601680000004,373073.671614944,4020346.391006743,66.3137310919579,40.0
6159,36.31973599999999,139.5864791,373115.087110216,4020339.9383153073,19.669368180939077,111.0
6160,36.31808180000001,139.586212,373088.4270158328,4020156.7872116743,49.55649388105324,98.0
6161,36.3181735,139.58668950000003,373131.4420416071,4020166.3330687983,18.65517305919933,119.0
6186,36.32908489999999,139.58176350000002,372706.9739724981,4021383.217145273,131.67341978244067,14.0
6190,36.3220954,139.5633452,371042.22714254766,4020632.269558961,0.0,
6191,36.3225567,139.5633584,371044.172262013,4020683.424471758,66.4277758397742,104.0
57,36.32485479999999,139.5895756,373401.34308589535,4020903.712280836,266.7013119198809,21.0
6204,36.3289857,139.59000720000003,373446.76726190926,4021361.391322272,84.2400923611866,50.0
6211,36.32418809999999,139.5792058,372469.41367100936,4020843.3808220993,109.60435142388285,68.0
6212,36.3228266,139.5790416,372452.4549782715,4020692.564979396,83.61946908711073,46.0
6213,36.3236366,139.5815347,372677.57141128334,4020779.1335451542,73.91744853306149,94.0
6214,36.3235976,139.5819357,372713.5042227584,4020774.2793359854,64.5177428131074,94.0
6215,36.3243312,139.5820537,372725.2898502768,4020855.502895748,26.55803642121426,94.0
6216,36.32294429999999,139.5818348,372703.3840604664,4020701.941032408,57.155984098914544,39.0
6217,36.324288900000006,139.582321,372749.2153546296,4020850.45873662,116.03743291165664,94.0
6218,36.3243068,139.5820521,372725.106538329,4020852.798288638,25.812672628062757,94.0
6219,36.3243769,139.5812682,372654.8534913716,4020861.606588858,0.0,
6220,36.3245431,139.5803073,372568.868608762,4020881.309158085,125.91152787085612,68.0
77,36.3159969,139.57508950000002,372086.5240771608,4019940.1603053696,107.60827425887928,36.0
78,36.3159659,139.5784186,372385.3436083106,4019932.3237449713,7.938315588261307,61.0
79,36.31597909999999,139.5793147,372465.8125352402,4019932.606050667,16.926220325357857,61.0
80,36.3159716,139.5788598,372424.96165044274,4019932.374002316,14.825786553191865,61.0
6225,36.3249638,139.581264,372655.4316252894,4020926.7174525904,26.547076134616937,58.0
82,36.3224814,139.5761934,372196.2162973206,4020658.0320671066,6.228974003901127,29.0
83,36.3228408,139.5762237,372199.5232109901,4020697.8605942726,33.40175412644282,29.0
84,36.3285748,139.5768153,372261.99076760194,4021333.157039684,20.096524335349866,54.0
85,36.32755629999999,139.581263,372659.56117935583,4021214.307144371,68.22536649506904,126.0
86,36.328128,139.5797192,372521.9185231426,4021279.760615526,5.518538686146353,6.0
87,36.32202350000001,139.5833362,372836.6639417076,4020597.820588952,162.26959202203795,33.0
88,36.32336329999999,139.5902077,373455.6713700631,4020737.431716133,139.90744429130228,21.0
89,36.3221886,139.5846193,372952.1133470234,4020614.448796385,128.90056625946403,76.0
90,36.3219758,139.5818984,372707.5178481935,4020594.420803362,68.06377739126289,33.0
91,36.33511450000001,139.5805339,372606.42477006325,4022053.7063193913,30.63854257110417,8.0
92,36.33333679999999,139.5826575,372794.1333886514,4021853.707945287,25.14898424590799,134.0
6236,36.3241408,139.5848323,372974.4028881497,4020830.7280931054,46.019919515361416,131.0
6230,36.32459149999999,139.5851714,373005.5738643939,4020880.2792224456,15.961181508134462,10.0
6234,36.3241634,139.5844482,372939.9606193994,4020833.739753737,30.21285759740553,131.0
6240,36.3237386,139.587282,373193.6498623978,4020782.896583483,48.65702849099442,138.0
6241,36.3247474,139.58849540000003,373304.20533104846,4020893.213065141,130.8141606638303,21.0
6237,36.3252456,139.5856214,373047.0293942714,4020952.248182759,56.56115778654327,10.0
6243,36.32234039999999,139.5918057,373597.4658359816,4020621.870749572,36.556024713738495,136.0
6235,36.3246159,139.5849126,372982.38227030606,4020883.325846701,35.50862973723848,10.0
6245,36.32247350000001,139.5860271,373078.9505744979,4020644.20436146,66.26614121593309,76.0
6238,36.3246607,139.5854901,373034.29427640873,4020887.5371346935,36.24356653170006,10.0
6247,36.3214383,139.5819276,372709.2647958503,4020534.7570535424,166.075148056672,33.0
6248,36.31788529999999,139.587095,373167.3777307246,4020133.830991158,44.52626331962693,119.0
6249,36.317021200000006,139.5873905,373192.5056184416,4020037.5883220574,28.243414361269732,99.0
6242,36.3242182,139.5886079,373313.44709713967,4020834.361108949,123.93820259836184,21.0
6244,36.3222254,139.591128,373536.4445001493,4020609.9997559423,44.583363606351696,136.0
6246,36.32296,139.5858939,373067.7826746901,4020698.3470142335,148.27126437690382,138.0
6272,36.33328730000001,139.5713912,371782.8440285587,4021863.099515583,22.384015704523787,34.0
6273,36.3329746,139.5712526,371769.89135092846,4021828.59516156,33.672646984198096,34.0
175,36.31590649999999,139.5763528,372199.7892955737,4019928.462143239,57.10098408132481,52.0
176,36.31590179999999,139.5777526,372325.4488651088,4019926.0920373816,63.64958571697977,61.0
177,36.31601980000001,139.5817381,372683.4395014785,4019933.9281355,170.69596111270428,116.0
178,36.3160585,139.5735228,371945.9742603251,4019949.066801285,113.81245145782138,137.0
179,36.31610299999999,139.5709991,371719.4819776722,4019957.347540021,227.33865352481197,24.0
180,36.3164185,139.5848582,372964.1933584095,4019974.0535390833,202.1018906648377,87.0
205,36.3166325,139.5763756,372203.0215306524,4020008.967779159,126.92909799246311,52.0
206,36.3174488,139.5764206,372208.39415433566,4020099.461143973,161.16008091366186,56.0
207,36.31750009999999,139.5751664,372095.884212272,4020106.8098265487,71.3162984084767,118.0
208,36.3175883,139.5736022,371955.6050474987,4020118.663697454,164.86574849600592,81.0
209,36.317735600000006,139.5710181,371723.8633758953,4020138.4281136207,92.73665887910332,53.0
210,36.3177577,139.5699385,371626.9805693383,4020142.31214702,54.78957509662419,53.0
211,36.318946,139.5818494,372698.1909042045,4020258.387175316,179.9471653010241,60.0
212,36.3189718,139.5847572,372959.2705694321,4020257.42557706,125.14058508220424,0.0
213,36.319024500000005,139.5752454,372105.4673342623,4020275.808346567,37.70613836709069,122.0
214,36.3190632,139.5736776,371964.7867484576,4020282.175826435,44.60323304904425,30.0
215,36.31907449999999,139.5728119,371887.09000766673,4020284.575786327,147.4231973648273,113.0
216,36.319097,139.5717306,371790.0568820853,4020288.504668142,54.16910682518599,113.0
217,36.31911850000001,139.5710487,371728.876905522,4020291.7938939,52.444560307691134,135.0
4350,36.31893550000001,139.5916718,373579.9458684097,4020244.337979419,125.42969271846736,101.0
4351,36.31902849999999,139.588985,373338.8982953667,4020258.170008512,100.40780616382897,73.0
4352,36.31905280000001,139.5871553,373174.6828964119,4020263.263489952,27.508449570762952,111.0
4353,36.31906679999999,139.5884017,373286.5966364958,4020263.1827444416,65.84248029706876,11.0
258,36.3160709,139.5871135,373166.09840975096,4019932.534140585,64.88975521060296,9.0
259,36.3161128,139.5872214,373175.853003456,4019937.040643129,42.40102165239389,9.0
4354,36.31921019999999,139.5903167,373458.7406576817,4020276.5828382233,34.12934474988618,73.0
4356,36.3201484,139.5891884,373358.9699721485,4020382.134903874,108.0301515843492,86.0
4358,36.32085459999999,139.5913177,373551.2585166732,4020457.6879209504,95.12360056254006,101.0
4359,36.3217762,139.5908943,373514.7397460757,4020560.4753302103,107.88546785478854,136.0
4357,36.320624,139.5913984,373558.1303266352,4020432.0017948025,510.0331392342823,101.0
4363,36.3300526,139.5710457,371746.5304608978,4021504.728793937,0.0,
3722,36.32805449999999,139.5881266,373276.4563521704,4021260.555616316,27.067718658888523,66.0
3724,36.32835270000001,139.578242,372389.68994357646,4021306.635378012,22.214320052373484,95.0
4406,36.31893389999999,139.58346820000003,372843.4934834476,4020254.915303568,163.97584547151013,59.0
4407,36.31900499999998,139.5854117,373018.07989826775,4020260.248924738,51.705671646216025,0.0
4408,36.31991549999999,139.5819092,372705.1361395115,4020365.855851336,281.45340841425514,27.0
4409,36.3203886,139.58469550000004,372956.0315779792,4020414.673303253,72.59259397142843,40.0
4410,36.3215222,139.5819283,372709.4641023608,4020544.063227397,48.34419845218795,33.0
4411,36.3225209,139.5905718,373486.99341954326,4020643.5072821374,115.3850532258852,136.0
3726,36.3286111,139.5878138,373249.2808218884,4021322.709727961,196.2853219764217,66.0
4416,36.3236788,139.5762798,372205.9276984772,4020790.7465710263,16.80982428615527,109.0
4418,36.32425260000001,139.57428,372027.3515903236,4020857.043435597,61.29270887188889,79.0
4419,36.3242187,139.5763189,372210.3192655972,4020850.586512616,65.65755669212768,109.0
4424,36.325069600000006,139.574514,372049.6926915872,4020947.364391213,510.6844837832997,78.0
4425,36.325392,139.57577430000003,372163.3497976637,4020981.461641965,32.52121409469417,82.0
4427,36.32584200000001,139.5810367,372636.4575882603,4021024.4363266327,166.35381382353938,28.0
4429,36.32622589999998,139.5728395,371901.27481098654,4021077.850929919,37.9074175148002,44.0
3732,36.3313763,139.5849439,372996.1664246085,4021633.2218797593,20.601480347465937,102.0
3734,36.3316663,139.58463,372968.4625273818,4021665.804241556,0.0,
5772,36.326160899999984,139.5864166,373119.8942016493,4021052.7394500906,12.250286482443354,15.0
5773,36.3262686,139.586045,373086.7128655613,4021065.1743647736,25.261330511806733,15.0
375,36.31897800000001,139.5899569,373426.06545636745,4020251.295576703,85.91010539721327,73.0
376,36.3190464,139.5871014,373169.8338461323,4020262.6242178944,32.52082671308154,111.0
5775,36.3175413,139.5800334,372532.8779665788,4020104.9546351726,71.34754436577215,128.0
395,36.33680739999999,139.5785915,372434.8494691195,4022244.0629626713,291.3960356223864,93.0
4528,36.3159314,139.5757169,372142.7419522297,4019932.064761521,60.23990956652926,36.0
4529,36.318415,139.5719785,371811.194216403,4020212.521175161,25.485400630850457,113.0
4530,36.3185311,139.5649261,371178.27472948673,4020234.77103456,11.427677257772352,19.0
4531,36.3189218,139.5648895,371175.63215967966,4020278.1605333914,0.0,
4532,36.3190912,139.5719981,371814.06126830354,4020287.506677304,106.77929974884242,113.0
4534,36.32049,139.571098,371735.5504266201,4020443.870292197,89.00008094406309,77.0
4535,36.320794600000006,139.56492180000004,371181.6144464467,4020485.8691449338,0.0,
4536,36.3218352,139.5729327,371902.45324735047,4020590.6627761554,71.06275399485875,91.0
4537,36.3218706,139.5711395,371741.5385873802,4020596.9665405103,40.61297208313145,91.0
4538,36.32247670000001,139.5762693,372203.02198264224,4020657.4103847328,16.071762339250952,29.0
4539,36.322493500000014,139.5771962,372286.2549890127,4020658.0494932607,29.698055528580586,29.0
4540,36.32249849999999,139.5729562,371905.6485497474,4020664.2121502906,264.27436134688315,91.0
4541,36.322515,139.5711446,371743.0525548825,4020668.443701167,37.23200288368277,91.0
4542,36.3225206,139.5671991,371388.8835166149,4020674.30503694,63.890769709930325,108.0
4543,36.3225357,139.5654601,371232.80238261726,4020678.2942983992,156.8704782512735,108.0
4544,36.3225388,139.5653496,371222.8881570539,4020678.785329313,43.0956036188105,108.0
4545,36.3228581,139.5654625,371233.5483361917,4020714.0552806826,60.543555445089126,108.0
4546,36.3241646,139.5659403,371278.5883272968,4020858.35061632,8.469710197779762,108.0
4547,36.3241754,139.5660346,371287.0710061797,4020859.4231486274,10.166888689434971,108.0
4548,36.3243977,139.5780916,372369.7386978373,4020868.101960544,62.94887640229775,4.0
4549,36.3259469,139.5778381,372349.5105364086,4021040.2907845457,147.40554081716493,20.0
4550,36.32608449999999,139.5667188,371351.6276127052,4021070.2912101,27.819576697416515,120.0
4551,36.3261237,139.5666218,371342.9850026636,4021074.768768498,15.542728720917264,120.0
4552,36.3267966,139.5669528,371373.8029408531,4021148.973957065,19.53302394782999,120.0
4553,36.3278529,139.567319,371408.4101507381,4021265.663431424,29.161407424773856,124.0
4554,36.3278724,139.5672337,371400.7855430635,4021267.9400345753,11.849635736501948,124.0
4555,36.3291864,139.5677983,371453.62386746594,4021412.95278152,56.0200361931232,75.0
4556,36.3292041,139.5677101,371445.7361194648,4021415.033528375,21.99016043222166,75.0
4557,36.3326253,139.569017,371568.6601830508,4021792.8143934007,38.32805255341247,64.0
4558,36.33265109999999,139.5689181,371559.8256723368,4021795.807803258,47.45855428843281,64.0
4559,36.33396750000001,139.5694724,371611.7380616879,4021941.101385068,23.494059410655023,64.0
4560,36.3339865,139.5693911,371604.4722085834,4021943.3170486833,0.0,
4561,36.3350397,139.5698699,371649.17485642247,4022059.5140219694,10.81231060708194,26.0
4562,36.3350567,139.5697788,371641.0262320943,4022061.5208064793,68.20593793657383,26.0
4563,36.33530180000001,139.5684896,371525.7189266205,4022090.4225555738,18.302712933331044,62.0
4564,36.336150700000005,139.5701833,371679.126226356,4022182.342575131,20.547106707024486,26.0
4565,36.336175700000005,139.5702943,371689.1297082418,4022184.968522084,46.457323841569725,26.0
4566,36.3362977,139.5703404,371693.4674065536,4022198.440946469,3.1380671982947668,26.0
4567,36.336321100000006,139.5702434,371684.7998699355,4022201.1654842687,36.520246010495576,26.0
4568,36.3364731,139.5705006,371708.1333478257,4022217.685673661,45.59336587071275,26.0
4569,36.3370405,139.5705159,371710.4372291768,4022280.607757685,4.541131492244981,48.0
4570,36.337046,139.5706192,371719.7175235131,4022281.080796232,14.051211810871797,48.0
4571,36.3386325,139.5712017,371774.5985336534,4022456.300414955,3.030773882359311,48.0
4572,36.3386926,139.5711288,371768.1543645327,4022463.0640867352,3.646068909557015,48.0
4585,36.3173031,139.5919218,373599.7524782999,4020062.928084661,24.47633933901333,72.0
4586,36.3189031,139.5917898,373590.4865734934,4020240.589586617,0.0,
4587,36.3264186,139.5879414,373257.1826382352,4021079.326615024,351.0147067670323,66.0
4635,36.31769059999999,139.5650081,371184.2527207,4020141.4243071983,3.082883172672113,97.0
4636,36.3177042,139.5650881,371191.45696116856,4020142.826417816,126.94670474868778,97.0
4637,36.3183577,139.5744713,372034.88492674177,4020202.863615696,39.99282083562253,81.0
4638,36.31920040000001,139.5766546,372232.2605925391,4020293.458430071,46.79096634442956,1.0
4639,36.32629180000001,139.5785329,372412.44069252064,4021077.633867016,28.50238402295959,20.0
4640,36.3269901,139.57320320000002,371935.1725609352,4021162.14266358,6.706173678216564,44.0
4641,36.3276306,139.5742858,372033.3969698001,4021231.760683605,5.871474046509828,37.0
4642,36.3308217,139.5683716,371507.7691801984,4021593.5964557608,39.38254594892315,42.0
4643,36.33084590000001,139.5682881,371500.314127708,4021596.391964105,40.26202752979596,42.0
1739,36.3273826,139.5703004,371675.2537913837,4021209.531630573,25.50994851655813,85.0
4655,36.3242812,139.58129900000003,372657.4625231004,4020850.949943752,30.393305637103374,58.0
4656,36.3229435,139.5817676,372697.3504163645,4020701.9407499856,45.95286980672566,39.0
4657,36.32449450000001,139.5789448,372446.4843086521,4020877.714298345,52.68977645512904,4.0
4658,36.32296149999999,139.58099840000003,372628.3309308521,4020704.950380911,69.90707425664141,133.0
4659,36.32463219999999,139.5811682,372646.2924682951,4020890.0589382527,8.991135054807849,58.0
1741,36.32739449999999,139.5733903,371952.6289511796,4021206.755386993,30.78894316986234,141.0
4673,36.322669,139.5869741,373164.2772556569,4020664.648831554,76.00683467244244,138.0
4674,36.3180824,139.5854342,373018.6029095497,4020157.874708168,48.6804901649657,98.0
4675,36.3221567,139.5799964,372537.073523611,4020616.99347368,53.88429950764784,133.0
4676,36.32438659999999,139.5863748,373113.26488559885,4020855.9697531713,63.870306083843744,144.0
4677,36.32215,139.578945,372442.6805956322,4020617.636566288,16.665936881400714,46.0
4678,36.3181845,139.5871444,373172.2973401882,4020166.956667362,4.906888759605884,119.0
4679,36.3218338,139.5870768,373172.14276029257,4020571.864771077,22.66439640003073,105.0
4680,36.3223416,139.5789297,372441.6194600549,4020638.911102457,44.55300217594933,46.0
6222,36.3245406,139.5812041,372649.365954329,4020879.850389593,17.29784427097511,58.0
6221,36.3244649,139.5809066,372622.5375848869,4020871.844764602,13.512694533260486,58.0
6223,36.3242863,139.580882,372620.0386210276,4020852.064914377,53.69870708909231,58.0
6224,36.3247168,139.5807187,372606.0808013357,4020900.035783235,50.64500665269883,58.0
6226,36.325456,139.5784101,372400.05477453925,4020985.0798265953,123.47208798003354,4.0
6227,36.327463300000005,139.5794032,372492.47075746267,4021206.441470655,116.61668723698732,6.0
4708,36.31796659999999,139.58826150000002,373272.2292708986,4020141.320522311,94.94991405436554,99.0
6228,36.3251173,139.5842899,372927.2998362032,4020939.764688537,99.84783551389305,31.0
3786,36.318392300000006,139.5727728,371882.4632055022,4020208.9505241024,22.443342632357485,57.0
6229,36.32552639999999,139.5835748,372863.77396676526,4020986.0864683934,161.93985468353296,31.0
6231,36.3246482,139.5845703,372951.7081372541,4020887.358590576,23.820244497100997,31.0
3789,36.3190403,139.5744759,372036.4139337899,4020278.578942853,76.83484885341394,122.0
6232,36.3247475,139.584598,372954.3558537576,4020898.337628671,36.499062642074094,31.0
6233,36.3239432,139.5844501,372939.77362077165,4020809.310290218,149.31955085550925,131.0
6239,36.3243182,139.5871843,373185.8190365201,4020847.32018559,78.06883825377747,144.0
4787,36.316453300000006,139.5763646,372201.7414238873,4019989.1035133535,50.26894081602544,52.0
4788,36.3169891,139.5791242,372450.3562721892,4020044.897337229,153.92655404595806,128.0
4789,36.3170454,139.5808322,372603.7816610328,4020048.891577999,70.16920434197205,116.0
4790,36.31712,139.5817731,372688.37115224166,4020055.9280523895,40.14339757837132,116.0
4793,36.3192439,139.5917382,373586.4048258,4020278.4621913433,102.45874609968126,101.0
4806,36.32660550000001,139.5798991,372535.58620836993,4021110.6310840272,107.17837311596944,20.0
4807,36.3266981,139.579269,372479.1775715504,4021121.734085324,73.8594383855048,20.0
4808,36.3268344,139.5779741,372363.166156178,4021138.562479489,13.11640206098634,146.0
4809,36.326859000000006,139.5853642,373026.5602272808,4021131.561711408,14.724972163791614,15.0
4810,36.3269545,139.577139,372288.4014540057,4021152.987956799,50.03474938952655,146.0
4811,36.3273636,139.5771765,372292.4352935653,4021198.320292172,17.494206539055842,146.0
4812,36.327476100000005,139.5799942,372545.5408571341,4021207.082200233,108.54499833144897,6.0
4813,36.32770239999999,139.5781354,372379.0606893413,4021234.637654656,45.66009054129237,146.0
4814,36.3278303,139.5772559,372300.324124846,4021249.986918532,18.185683991017093,146.0
4815,36.32785689999999,139.5847711,372974.94222093816,4021243.03862402,61.01724582647062,88.0
4816,36.32800679999998,139.5781853,372384.0363006411,4021268.339183906,29.957888537519924,95.0
4817,36.32807569999999,139.5800225,372549.0578606596,4021273.5590951457,9.462501426724302,6.0
4818,36.3281065,139.5798437,372533.0587492527,4021277.21146492,8.818356884814522,6.0
4819,36.3281331,139.5773173,372306.32967942,4021283.495734436,31.46136678052483,95.0
4820,36.32815630000001,139.57952680000002,372504.69460847246,4021283.1536412975,13.63763049833936,6.0
4821,36.32816379999999,139.5794809,372500.58679857606,4021284.046147805,44.29871863069983,6.0
4822,36.32817469999999,139.5851335,373007.987558673,4021277.8164288457,53.33375192858816,88.0
4823,36.32818900000001,139.5798311,372532.06217057945,4021286.3798797154,8.951912237985947,6.0
4824,36.328312800000006,139.5801241,372558.5638022249,4021299.7269078856,58.383175665795335,6.0
4825,36.3286519,139.5782933,372394.7826714547,4021339.758225924,51.54809168674748,95.0
4826,36.3287702,139.5829619,372814.03069911647,4021346.730124223,232.87447136593315,14.0
4827,36.32888779999999,139.5774802,372322.1833872262,4021367.0002400912,42.32786209266544,107.0
4828,36.3290207,139.5812184,372657.9413224049,4021376.81315426,60.32517667691557,41.0
4829,36.3290701,139.5812183,372658.0127532614,4021382.293275175,7.078735392280585,41.0
4830,36.329066,139.5763502,372221.0453633582,4021388.260908661,132.9649754417036,54.0
4831,36.3291466,139.5806372,372605.9777952457,4021391.544978272,96.76012285509556,41.0
4832,36.3292068,139.5783885,372404.23286407633,4021401.188199441,31.280677072082305,107.0
4833,36.32929399999999,139.5781673,372384.5202226311,4021411.153315031,25.58207231332372,107.0
4834,36.3293239,139.5754571,372141.3021491866,4021418.0506744734,0.0,
4835,36.32941009999999,139.5777926,372351.07667087286,4021424.527025608,20.97991032700498,107.0
4836,36.3294106,139.5764908,372234.2283924832,4021426.301939382,60.31007588654353,54.0
4837,36.3294429,139.5776641,372339.5960803099,4021428.335218677,39.80528362189756,107.0
4838,36.3294628,139.5749761,372098.3547859852,4021434.095173264,0.0,
4839,36.3294633,139.5844939,372952.6690033499,4021421.602222095,11.595979314790778,110.0
4840,36.3296574,139.5743025,372038.21100901975,4021456.573631459,0.0,
4841,36.3296634,139.5756105,372155.6260806333,4021455.508920824,10.236594638774656,74.0
4842,36.3296912,139.5847832,372979.006441169,4021446.503277313,74.53793612578636,110.0
4843,36.3297228,139.576661,372250.0152816064,4021460.709713494,20.093831583426088,74.0
4844,36.3297423,139.5782781,372395.1968091892,4021460.7374493615,69.66629070079071,127.0
4845,36.32977489999999,139.5843756,372942.5565149759,4021456.3237489983,11.069747106771894,110.0
4846,36.3297908,139.5841271,372920.27719726297,4021458.414135691,73.3189827168737,110.0
4847,36.3299939,139.5757599,372169.57615509565,4021491.97409853,14.5652713500102,74.0
4848,36.3299954,139.582826,372803.8242491497,4021482.821482553,22.980653957227734,84.0
4849,36.3301083,139.5768843,372270.6879267509,4021503.178609408,25.91586562769596,74.0
4850,36.33011559999999,139.5845165,372955.7568456758,4021493.93276593,9.082516594535004,110.0
4851,36.330128,139.5753143,372129.7987358854,4021507.439180432,0.0,
4852,36.3302007,139.5750728,372108.24082475423,4021515.8232872128,0.0,
4853,36.33028420000001,139.5850125,373000.55087790126,4021511.984097543,16.994170036982904,102.0
4854,36.33029189999999,139.5784856,372414.71816353616,4021521.431300716,50.4016247025668,127.0
4855,36.33037339999999,139.58020190000002,372568.9036005703,4021528.208735572,81.75565179531259,43.0
4856,36.33043039999998,139.5846276,372966.2402149818,4021528.70784421,9.593956363433044,102.0
4857,36.33047150000001,139.5777814,372351.8031957584,4021542.2839977294,3.601619811736647,83.0
4858,36.33049389999999,139.5771147,372291.9978273109,4021545.649266685,34.420564836656126,83.0
4859,36.3305356,139.575566,372153.0571371389,4021552.321828658,0.0,
4860,36.330671,139.5778981,372362.6034944519,4021564.2606720175,5.417159107384417,83.0
4861,36.3306887,139.5778528,372358.56632812414,4021566.283954562,16.753515323073344,83.0
4862,36.330857,139.5761538,372206.3421230215,4021587.197981027,25.03222554095332,74.0
4863,36.3308851,139.5773498,372313.7385316393,4021588.73498007,59.90273646273943,83.0
4864,36.331067,139.5798378,372537.35262752447,4021605.6304241214,48.60099193832461,43.0
4865,36.3311485,139.5766737,372253.4833075438,4021618.847325057,45.3264815699476,83.0
4866,36.33137819999999,139.5792821,372487.9815188596,4021640.884904855,44.37678921362354,43.0
4867,36.3314319,139.5807146,372616.6463558785,4021644.953580166,37.57000459435236,43.0
4868,36.3315419,139.5778071,372355.8565173834,4021660.990652064,43.647134991959945,83.0
4869,36.3315762,139.5790521,372467.66011714033,4021663.1526119607,11.02398951117607,43.0
4870,36.3316542,139.5786012,372427.3158274184,4021672.4001007606,35.67666822236704,2.0
4871,36.331757,139.5784464,372413.58909911447,4021684.008081688,7.286067059085461,2.0
4872,36.33176919999999,139.5773052,372311.17839983554,4021686.868025141,40.073408231350754,83.0
4873,36.3318322,139.57871020000002,372437.3896013968,4021692.00200567,38.654544259024085,2.0
4874,36.33193790000001,139.5785483,372423.0303495039,4021703.941040317,16.742801979605506,2.0
4875,36.331968200000006,139.5803687,372586.4728115905,4021704.9016737663,61.96950902402057,43.0
4876,36.3321035,139.5773817,372318.5904444914,4021723.8512477297,17.972006392251775,2.0
4877,36.3321236,139.5799941,372553.1031414031,4021722.634091887,27.23218505719616,43.0
4878,36.33228809999999,139.5779246,372367.6204577205,4021743.612282685,46.4166855894385,2.0
4879,36.3325821,139.5796531,372523.24334741465,4021773.945536668,33.09991780023997,2.0
4880,36.33273929999999,139.5792408,372486.49321026873,4021791.9276089584,19.984030689787136,2.0
4881,36.33280839999999,139.5790755,372471.7692299308,4021799.810975125,1.2987161055053544,2.0
4882,36.33294219999999,139.5787613,372443.7861638635,4021815.068050381,31.78038179375445,2.0
4883,36.3331541,139.5782762,372400.59139074135,4021839.214479528,15.820264191820367,2.0
4884,36.33326579999998,139.5789858,372464.46388167096,4021850.6691657673,59.63093918234931,2.0
4885,36.333309,139.5794797,372508.86437665246,4021854.809964324,68.23227945939259,38.0
4886,36.3336284,139.5807952,372627.4573322242,4021888.5073811626,18.695090523841653,38.0
4887,36.33367179999998,139.5803042,372583.4584420466,4021893.968788727,42.20726534494544,38.0
4888,36.3338632,139.579819,372540.2213352153,4021915.840570836,20.20505176192483,38.0
4889,36.3340139,139.5794368,372506.1627937081,4021933.061843358,87.23231077549636,38.0
4890,36.33736699999999,139.5791132,372482.5850019071,4022305.451720577,55.07568085362245,93.0
4891,36.337491500000006,139.57839840000003,372418.63444521686,4022320.205783045,0.0,
4892,36.33803340000001,139.5797317,372539.1817113076,4022378.560534274,0.8851421430225761,93.0
825,36.3244168,139.5711782,371749.1857515278,4020879.367720849,191.7139271813599,130.0
826,36.3248215,139.5700057,371644.599623696,4020925.817226928,22.905177415594533,112.0
827,36.3252297,139.5763935,372218.66678227787,4020962.639120727,52.627107925173696,82.0
829,36.33130859999999,139.5812834,372667.4995978532,4021630.526525268,96.0640207023923,22.0
856,36.31574090000001,139.56802,371451.43859814334,4019921.134863053,106.84526451517942,18.0
859,36.3164542,139.5725131,371855.976258358,4019994.299449519,97.50475158416914,137.0
860,36.3170662,139.5688145,371524.940538845,4020067.0959296846,12.84910126629152,18.0
861,36.31770300000001,139.5727091,371875.6163189616,4020132.570250478,120.78476274654209,57.0
863,36.3191707,139.5682363,371476.4891560442,4020301.318344365,170.28446439965856,115.0
864,36.3211439,139.5729051,371898.8440395937,4020514.012774498,90.26657448309288,17.0
865,36.3235133,139.5740745,372007.6955119221,4020775.3041500887,187.38660917019587,79.0
866,36.32384179999999,139.5730034,371912.084388182,4020813.163204282,130.32056603573636,79.0
867,36.3242063,139.5652974,371220.9465268426,4020863.8324326216,117.6817268208518,108.0
868,36.3245481,139.5707631,371712.1393824628,4020894.48358789,78.8030958599555,130.0
875,36.32561080000001,139.5705543,371695.1389571503,4021012.6470355312,34.59694571625199,69.0
876,36.3256669,139.5746711,372064.77132806607,4021013.4156057225,12.418077717282824,78.0
877,36.325791900000006,139.5742623,372028.2802598783,4021027.822926796,73.34622505935032,78.0
878,36.3259429,139.5708274,371720.1979933176,4021049.124898652,25.20887921016589,69.0
881,36.3265986,139.5716366,371793.9091714976,4021120.789173771,0.0,
882,36.32663960000001,139.5715033,371782.0109608088,4021125.514097205,15.367442075797502,123.0
887,36.3276492,139.5723677,371861.2554695735,4021236.364220521,12.412897385054393,55.0
890,36.32886539999999,139.5747495,372077.0384515076,4021368.124741734,0.0,
891,36.3288749,139.5751764,372115.3726468763,4021368.613866426,0.0,
4987,36.3320566,139.5831658,372837.6748246463,4021711.025410853,68.04890210123284,134.0
4989,36.3323589,139.5826756,372794.1677489671,4021745.204704261,81.40319738865614,134.0
4988,36.332098300000006,139.585063,373008.0285837176,4021713.157579996,127.40696340951897,3.0
4990,36.332448600000006,139.5846364,372970.3073195091,4021752.5771219055,120.3314267552182,3.0
4992,36.3326949,139.5821532,372747.8256970913,4021783.164983287,73.68573778419756,134.0
4993,36.33284949999999,139.5850582,373008.817246569,4021796.495222208,82.19740145271412,3.0
4994,36.3330179,139.5839585,372910.3866058845,4021816.621039474,25.09305139808948,134.0
4991,36.3324862,139.58966160000003,373421.4101719355,4021750.1572113945,4.552536146988493,32.0
4996,36.3333348,139.5862894,373120.1114864741,4021848.713512172,43.50803950742675,3.0
4995,36.333249,139.5884,373309.4094545489,4021836.427791416,0.0,
4997,36.3334094,139.5835082,372870.60600792326,4021860.642557481,45.0611350523855,134.0
4998,36.33340840000001,139.5877972,373255.56335218414,4021854.900273484,8.37715000983547,121.0
4999,36.3334144,139.587009,373184.8282458055,4021856.599465124,5.303269644690092,121.0
5001,36.3334314,139.5843235,372943.8189661173,4021862.011254721,49.671317960458296,63.0
5002,36.3335114,139.5857036,373067.81955822057,4021869.0728745535,30.454732468118568,3.0
5003,36.33356009999999,139.58809,373282.0893398599,4021871.344680003,5.914186648265147,121.0
5004,36.33361200000001,139.5864406,373134.1320217853,4021879.265151971,8.097303315423005,121.0
5005,36.33379939999999,139.5830305,372828.36410562217,4021904.533917148,38.960629836726746,134.0
5000,36.33343729999999,139.5870213,373185.9693563476,4021859.1236498137,25.20380265589546,121.0
5006,36.3338261,139.5846651,372975.120201293,4021905.346834752,45.68864891860176,63.0
5008,36.3340263,139.58405570000002,372920.7490646553,4021928.356083566,39.1052669261782,63.0
5009,36.3341205,139.5873499,373216.5701554525,4021934.480698904,82.84698577025287,121.0
5007,36.33397969999999,139.5859218,373088.1638559245,4021920.735388654,50.18331603882095,96.0
5010,36.3342178,139.58253,372784.12242989225,4021951.605939962,86.51399108177586,8.0
5012,36.33445489999999,139.5861432,373108.8063323019,4021973.159171517,31.40911256233253,96.0
5013,36.3344777,139.5842581,372939.648571937,4021978.164308953,46.63767996696443,63.0
5014,36.33455740000001,139.5875531,373235.516231601,4021982.6799748186,18.644386303173945,121.0
5015,36.334737,139.5869651,373183.0322927033,4022003.374339241,0.0,
5016,36.3347765,139.5818704,372725.8297319982,4022014.451274649,22.97349508715068,8.0
5017,36.3348109,139.5808906,372637.94533718063,4022019.557664289,37.35400718672521,8.0
5011,36.3342945,139.5883574,373307.2792388405,4021952.4619094105,84.7427079624514,121.0
5019,36.3349532,139.5844785,372960.20257689024,4022030.622356965,109.90315159100872,63.0
5018,36.3349217,139.5863608,373129.0938884064,4022024.656167452,12.506032402342344,96.0
5021,36.33528129999999,139.5878899,373266.91813597234,4022062.541329916,66.61290354186076,67.0
5020,36.33506500000001,139.5815212,372694.9573849235,4022046.9146652,58.070484326987895,8.0
5022,36.33539929999999,139.5865834,373149.8474974612,4022077.344702237,31.49872165315571,96.0
5024,36.33564009999999,139.5841138,372928.5855181746,4022107.3001866974,6.873584577281504,100.0
5023,36.33542930000001,139.5846993,372980.7932248283,4022083.146484093,22.121131815462174,100.0
5026,36.335879,139.5835098,372874.7633485836,4022134.595701704,73.59329238691078,100.0
5027,36.3358842,139.5886039,373331.9779745755,4022128.485844614,132.79204195716173,45.0
5028,36.33590280000001,139.5849228,373001.6217486723,4022135.378689821,51.011506433712086,100.0
5025,36.33586629999999,139.586801,373170.1349219983,4022128.863975151,74.52960378974801,67.0
5030,36.3361367,139.5827446,372806.5040793289,4022164.1891459688,57.73782144480862,7.0
5029,36.3359867,139.5882182,373297.5266398222,4022140.3617098057,30.213213095778656,45.0
5032,36.3362379,139.5823823,372774.15159667714,4022175.892114586,107.50655891634302,7.0
5031,36.3361622,139.5876297,373244.9920228621,4022160.6015643226,35.5859887794602,67.0
5034,36.3363087,139.5837092,372893.3582226541,4022182.0005779625,65.65455785483861,100.0
5035,36.33634769999999,139.5870254,373191.05577830446,4022181.9717794647,79.34211889383242,67.0
5036,36.3363541,139.5888229,373352.3945462123,4022180.325380565,14.62646875554066,45.0
5037,36.336369000000005,139.5851429,373022.1330312039,4022186.805612196,119.68690726124268,100.0
5038,36.3364568,139.5888707,373356.85095800064,4022191.655371185,16.680910044016386,45.0
5039,36.3366727,139.582523,372787.48685053474,4022223.939782575,72.64845575521285,7.0
5040,36.3366689,139.5878098,373261.9773658205,4022216.574168544,49.53686510094662,45.0
5033,36.33629069999999,139.5891647,373382.9689843114,4022172.84462838,0.0,
5042,36.33685489999999,139.5853723,373043.51074753946,4022240.4057081575,32.97132659050337,129.0
5043,36.33723069999999,139.5841371,372933.260846712,4022283.716477152,35.47175259699705,100.0
5041,36.336764,139.5839205,372913.0625418876,4022232.22968264,57.95451361575595,100.0
5044,36.33723650000001,139.582365,372774.2232661364,4022286.690652469,29.66483810483016,7.0
5045,36.3373432,139.5855975,373064.51515976246,4022294.277603359,23.15529525569725,129.0
5047,36.3378187,139.5858168,373084.9690329538,4022346.737375346,41.121223915331306,129.0
5046,36.33740819999999,139.5835487,372880.74009884,4022304.180317903,47.35583676589377,139.0
5049,36.3382593,139.5846145,372977.7783284238,4022397.192757108,14.769473083064202,13.0
5050,36.33841599999999,139.5861011,373111.453992928,4022412.623271747,157.02606797811296,129.0
5048,36.337828899999984,139.5821539,372756.2407066176,4022352.684076628,38.99563739713945,139.0
5052,36.33858539999999,139.5857027,373075.9728307592,4022431.9380186535,50.24889193310191,129.0
5053,36.3386178,139.58477340000002,372992.6216934133,4022436.752760768,55.65849767260031,13.0
5051,36.338437500000005,139.5840291,372925.5285734522,4022417.730055676,61.73836354306632,13.0
5054,36.3386654,139.5832805,372858.7128152298,4022443.99558859,80.09224627209791,139.0
5055,36.3390234,139.5838826,372913.33239640447,4022482.917171704,17.77089238754112,13.0
5060,36.33717450000001,139.5780158,372383.7787237825,4022285.545622738,91.68938859560078,93.0
5066,36.3219902,139.5826911,372778.70043888735,4020594.975069197,71.96258327170281,33.0
5071,36.32293839999999,139.5826008,372772.1359892229,4020700.278472568,83.24621649954938,39.0
5072,36.32054339999999,139.5833996,372839.9502744919,4020433.548561777,109.78428584521724,35.0
5074,36.3215331,139.5827134,372779.95917347376,4020544.23926054,319.2783618420497,33.0
5500,36.32760769999999,139.5738575,371994.9145613008,4021229.787281935,70.71475367461676,141.0
5501,36.32730970000001,139.5737555,371985.2712835096,4021196.864870584,5.804471286761859,141.0
5182,36.3176883,139.5841582,372903.41317344224,4020115.83300295,50.83974323129043,59.0
5183,36.32151779999999,139.5884444,373294.39813076064,4020535.01794188,21.17439069338805,140.0
5184,36.3205107,139.5861163,373083.7746561133,4020426.3524102895,9.358080863288844,40.0
5186,36.3216529,139.5862327,373096.0760512955,4020552.9047541567,45.86777517700203,105.0
5187,36.32095590000001,139.5886644,373313.23759969167,4020472.397750534,44.311921597846,140.0
5189,36.3207956,139.5865669,373124.6867839136,4020457.365320831,18.171188803805062,105.0
5190,36.3213579,139.5884444,373294.1392398664,4020517.280119936,52.18781572714825,140.0
5191,36.31815509999999,139.5843353,372920.06989736296,4020167.382742188,133.06129294068376,59.0
5192,36.316857700000014,139.5835814,372850.2827908353,4020024.452099341,24.37614470060875,65.0
5193,36.3198662,139.5871188,373172.7243748759,4020353.542389798,167.3444742421179,111.0
5194,36.32067800000001,139.5853349,373013.90003619087,4020445.936886044,87.18699999436971,40.0
5196,36.3206908,139.5876075,373217.93105285417,4020444.375073981,130.51065400669614,105.0
5197,36.31894909999999,139.5840406,372894.90342337487,4020255.849013431,109.9606652388616,59.0
5198,36.3164197,139.5855422,373025.6010313353,4019973.288460117,150.18081637990548,87.0
5199,36.3203925,139.5840831,372901.0628207662,4020415.9106035447,116.71130234839951,35.0
5201,36.3254186,139.5711339,371746.8511766738,4020990.5571818426,458.4492838959756,130.0
5202,36.32116669999999,139.5718041,371800.0455216866,4020518.0009906334,68.9910100322999,17.0
5203,36.3172107,139.5684426,371491.7908736244,4020083.619537801,29.914696327678524,18.0
5204,36.32243520000001,139.5696837,371611.7801001328,4020661.529980662,47.740033520273975,117.0
5205,36.3233478,139.5718681,371809.3636882433,4020759.8676942703,171.11780121994735,91.0
5206,36.3218571,139.5718254,371803.0885881825,4020594.559489103,92.03697788952051,91.0
5207,36.3172375,139.5670824,371369.724664368,4020088.4006800135,98.1585950728474,12.0
5208,36.317058,139.5716859,371782.7038406241,4020062.375818249,114.23400941947864,53.0
5209,36.3165566,139.568084,371458.5238011754,4020011.5361549663,62.14623784604044,18.0
5210,36.3230262,139.5699264,371634.5361948343,4020726.768013744,171.52924115639806,117.0
5211,36.322596100000005,139.5698861,371630.2130323485,4020679.110082232,7.371079794394262,117.0
5212,36.3164506,139.5663037,371298.5239522132,4020002.145053076,238.5151048550824,106.0
5213,36.32205749999999,139.581073,372633.5562145324,4020604.570641565,59.88135905602164,133.0
5214,36.3163811,139.5672571,371384.00088471087,4019993.167084032,95.36626409661191,106.0
5215,36.32345810000002,139.576265,372204.2387240056,4020766.283673333,40.36049346313308,109.0
5216,36.322083600000006,139.580843,372612.95205361047,4020607.768886232,65.22424490824574,133.0
5217,36.323635199999984,139.5753635,372123.6036509982,4020787.121299986,69.83670779198545,109.0
5218,36.32250869999999,139.5718414,371805.5923101165,4020666.820899868,72.88986065568263,91.0
5219,36.3176404,139.5687971,371524.3210045421,4020130.815584541,19.48935514414581,142.0
5220,36.3177202,139.5716966,371784.74919946166,4020135.8200685736,69.26173387727842,53.0
5222,36.32415279999999,139.5753512,372123.34538918384,4020844.555425472,32.93190212889061,109.0
5223,36.3173424,139.5681762,371468.091423576,4020098.5831481456,19.87727282649595,142.0
5224,36.31762690000001,139.5677651,371431.6528349435,4020130.6894234703,60.99742015663995,142.0
5225,36.3204837,139.5717878,371797.463412241,4020442.256761103,188.6394563879464,17.0
5226,36.31841759999999,139.5717234,371788.29755711067,4020213.147750555,26.933980206105147,113.0
5227,36.3170067,139.5679835,371450.2406997243,4020061.59974232,51.67057609669707,18.0
5228,36.32259539999999,139.570216,371659.8261961557,4020678.5945507,11.739194168099182,117.0
5229,36.32315929999999,139.57520450000004,372108.5530232107,4020734.539535768,75.44562559506213,109.0
5230,36.3257947,139.5712942,371761.8567923553,4021032.065744368,138.62956908755186,69.0
5231,36.3169604,139.5673633,371394.4867992867,4020057.2881567753,19.62803267951052,12.0
1892,36.33714870000001,139.5692623,371598.1030566581,4022294.274889476,0.0,
1894,36.3371788,139.587991,373279.0664191166,4022272.900342021,211.22342407850323,45.0
1401,36.3162774,139.5916225,373571.2265459303,4019949.537779759,39.71337644601785,90.0
5498,36.3284606,139.5745937,372062.3918454193,4021323.425995384,0.0,
5497,36.3336055,139.581117,372656.3031302586,4021885.543139922,88.14387494670251,38.0
5499,36.3278231,139.5730014,371918.42214839184,4021254.8155170926,76.39247240021261,55.0
1405,36.31645030000001,139.5757331,372145.0439136867,4019989.605343625,158.78954598766484,36.0
5502,36.3275471,139.5727653,371896.7775561282,4021224.511321038,16.60790708388291,55.0
1406,36.3164571,139.5668898,371351.1515492937,4020002.0863394793,41.04487234016128,106.0
5504,36.3262142,139.5744273,372043.7818971943,4021074.450732493,81.93890680322274,78.0
1407,36.3165185,139.5897232,373401.10769887606,4019978.767562515,14.067753307244358,114.0
5506,36.3255651,139.5750797,372101.2824816406,4021001.5823049727,48.00756901765104,82.0
1410,36.3166456,139.5890535,373341.191529122,4019993.743658825,82.2724269872105,99.0
1412,36.3164257,139.5916311,373572.23814503936,4019965.9775436446,6.018854795216472,90.0
1413,36.3166224,139.564242,371113.71845211583,4020023.9484775434,554.3505181504502,80.0
5505,36.3252935,139.5750032,372093.9715555917,4020971.554638151,30.359936723020013,82.0
5507,36.3259479,139.575811,372167.5523448251,4021043.0796528137,45.01092314272787,82.0
5503,36.3266117,139.5730182,371917.9470667727,4021120.4113984704,45.95575706363465,44.0
1421,36.316971,139.5916346,373573.4331433426,4020026.463419397,25.308043268659212,16.0
1423,36.31702250000001,139.592258,373629.4812419766,4020031.361626558,27.29683035116647,72.0
1425,36.3169447,139.5675269,371409.1480385023,4020055.329010384,31.807084034209417,12.0
1427,36.316998,139.5670004,371361.9695953053,4020061.9417789066,58.08741025368624,12.0
1431,36.317095,139.569774,371611.12583440455,4020069.016588038,19.662829012763464,24.0
1433,36.31713860000001,139.587968,373244.54007369454,4020049.854559774,62.168262740259344,99.0
1434,36.31716260000001,139.590759,373495.1369223591,4020048.8626504494,80.6254297137233,16.0
1435,36.3171327,139.5916309,373573.36216698703,4020044.405733439,12.521543117955748,16.0
1440,36.31738719999999,139.56361820000004,371058.9770688157,4020109.6199755487,24.1198279714033,80.0
1441,36.31751779999999,139.5892681,373361.86825116567,4020090.21634139,71.27459049130516,99.0
1442,36.3175057,139.56794780000004,371447.85534619255,4020117.001733752,24.974036815001533,142.0
1444,36.3176265,139.5638989,371084.5706667245,4020135.791569913,29.29386816248198,97.0
1446,36.31764650000001,139.5644519,371134.2482387358,4020137.273209325,95.15463001029217,97.0
1448,36.317781,139.5898718,373416.489968676,4020118.6229744926,0.0,
1449,36.3177901,139.589914,373420.2930993256,4020119.577211348,108.05676960463916,114.0
1450,36.3178763,139.5672461,371385.4703358276,4020159.045668913,79.84833967028902,12.0
1451,36.3180324,139.5916703,373578.3524665909,4020144.158496392,28.891488327814656,72.0
1452,36.31805799999999,139.5781348,372363.2771189016,4020164.776546388,87.98667582459332,128.0
1453,36.3180454,139.5919215,373600.9243192972,4020145.272263505,31.047196550389067,72.0
1454,36.3179226,139.5854398,373018.8463770308,4020140.1406294326,84.6493830415481,98.0
1455,36.3179543,139.5835188,372846.44445104944,4020146.181025707,142.80640614481368,59.0
1456,36.31811540000001,139.5793891,372475.9724746645,4020169.489358061,67.54283228542344,128.0
1458,36.3182268,139.5781697,372366.6854541092,4020183.455608746,75.71988264368534,128.0
5555,36.3243991,139.5859819,373078.01637548814,4020857.872013657,79.98381114699022,10.0
1460,36.3182765,139.5764272,372210.33807145257,4020191.2698710086,207.08371058183968,56.0
1461,36.3183204,139.5744712,372034.8149641541,4020198.726026695,55.538027004358646,81.0
1465,36.31844219999999,139.5702856,371659.2632464772,4020217.783698299,67.67297622381989,135.0
1467,36.318472,139.5638244,371079.2752649585,4020229.683051685,38.298272766834735,19.0
1468,36.3185499,139.5809993,372621.2314087924,4020215.566816036,66.96660215354744,60.0
1469,36.31850359999999,139.564373,371128.57640549913,4020232.457309206,43.55205196936814,19.0
1473,36.3186839,139.5661778,371290.8939502062,4020250.0547389034,110.09537592465242,145.0
1477,36.3188796,139.5918812,373598.6537375205,4020237.863254832,0.0,
1479,36.31891639999999,139.5637868,371076.6318722882,4020279.030923281,39.48021992074765,19.0
1480,36.3189916,139.5764273,372211.5146372875,4020270.5963848103,93.97872668625212,1.0
1483,36.31900379999999,139.5662065,371293.99648460245,4020285.503369267,66.44711969329569,145.0
1486,36.31908239999999,139.5770415,372266.8005460467,4020279.857515524,121.42604145711908,1.0
1488,36.31920230000001,139.5764264,372211.7778699645,4020293.97070437,46.66701686302651,1.0
1494,36.31936639999999,139.5637449,371073.6117341528,4020329.0057463576,30.044442737770268,19.0
1496,36.31945399999999,139.5749334,372078.16061902966,4020323.865802336,84.79168644437144,122.0
1497,36.31952669999998,139.57377550000004,371974.3335915237,4020333.4626908894,112.05847869288648,30.0
1500,36.31978900000001,139.5637104,371071.21081236936,4020375.931199012,127.59417057607808,19.0
1501,36.3201036,139.585358,373015.0417022024,4020382.1879340834,84.0621973778568,40.0
1503,36.3199944,139.5771243,372275.7220077522,4020380.917093314,130.4779860833122,5.0
1507,36.320036,139.58342,372840.95715269865,4020377.235465119,147.62304151939537,35.0
1520,36.3197815,139.5698853,371625.5242309337,4020366.8848003983,9.366927669051297,77.0
1521,36.32039099999999,139.583406,372840.2771775183,4020416.6342965295,37.32505862521691,35.0
1523,36.3201895,139.5662215,371297.2929594718,4020417.0143034216,45.21828779465216,145.0
1525,36.32048489999998,139.5739092,371987.9033104744,4020439.579697997,115.54315797056924,17.0
1526,36.3204263,139.5791216,372455.7243738058,4020426.192130621,155.38010554324464,143.0
1527,36.32051659999999,139.5870939,373171.5431163922,4020425.724382421,45.69139288536808,105.0
5628,36.3163623,139.5900416,373429.4392472303,4019961.02347801,11.66258064756785,114.0
1533,36.3207284,139.5637598,371077.19302590186,4020480.073975844,82.3137238883725,104.0
1534,36.3208124,139.5766283,372232.531333654,4020472.31372914,48.492671933306525,23.0
5629,36.31671539999999,139.5911741,373531.6793419003,4019998.711614893,48.68988032928918,16.0
5630,36.316706700000005,139.5903517,373457.835099284,4019998.822209479,26.43199640952933,114.0
1537,36.32075859999999,139.5781106,372365.50892399583,4020464.3882900095,93.3459917235384,143.0
5631,36.3163755,139.5903588,373457.9370461933,4019962.072703418,66.43966854453234,114.0
1539,36.320873,139.5643367,371129.2193141534,4020495.3456803774,10.241939576980249,104.0
1543,36.32095009999999,139.5638087,371081.9479804254,4020504.602204196,0.0,
1544,36.32090279999999,139.5781569,372369.9004249006,4020480.323413828,114.2514006038765,143.0
3595,36.31825760000001,139.57275960000004,371881.0577122139,4020194.025619503,30.11859749445413,57.0
3596,36.31827479999999,139.5751997,372100.1396342293,4020192.7039161534,126.46771760948248,122.0
3597,36.3184081,139.5736505,371961.2822262784,4020209.5408813553,47.79711164512332,81.0
3598,36.3190606,139.57375050000002,371971.3268414489,4020281.790896919,28.00454860045486,30.0
3599,36.3194061,139.5755969,372137.6454782271,4020317.674786378,147.04143908990758,122.0
3600,36.32041949999999,139.5728854,371895.88980814914,4020433.680502943,123.79739222802128,17.0
1550,36.3210788,139.5789008,372436.9667533172,4020498.8657323546,113.48156936168434,143.0
3602,36.32054329999999,139.5728924,371896.7208453885,4020447.4044791553,114.8346008565322,17.0
1552,36.32115919999998,139.5638603,371086.9245331536,4020527.729104613,6.12090615098074,104.0
3604,36.32181879999999,139.5761245,372188.9491198608,4020584.620307605,37.53673548136432,23.0
3601,36.32048189999999,139.5760164,372177.0615576791,4020436.459673458,89.4107160087948,23.0
3603,36.32118109999999,139.5711122,371737.9578373224,4020520.515844253,120.84075383587316,17.0
3605,36.32255210000001,139.5640135,371102.97148009273,4020682.040794971,80.58391408977229,104.0
3608,36.32533759999999,139.5686581,371524.4797169443,4020984.858379071,72.01895913148297,112.0
3609,36.32562740000001,139.5678912,371456.1154782797,4021018.025418513,31.136799598272557,120.0
1562,36.32112450000001,139.5766344,372233.5884671506,4020506.9271979104,43.19646925275637,23.0
3611,36.3266354,139.5764847,372229.14878175576,4021118.4542717207,19.869568544887528,51.0
3610,36.3263601,139.5660514,371292.17275256175,4021101.751982074,137.56729128732798,132.0
1565,36.3215269,139.5870794,373171.87877832376,4020537.816716285,114.90519107519064,105.0
3612,36.3268319,139.56490330000003,371189.8922618222,4021155.618124085,238.0116825117749,132.0
1571,36.32161150000001,139.563952,371095.9013977852,4020577.7809928986,62.714329171050686,104.0
1574,36.32167660000001,139.5870751,373171.7353859657,4020554.428687642,33.50141628446453,105.0
3623,36.33046319999999,139.5696072,371618.08598291816,4021552.186246519,10.518980276616908,42.0
1576,36.32169410000001,139.588873,373333.1582943517,4020554.013555473,343.4672289628703,140.0
1577,36.32169739999999,139.5884401,373294.30291477416,4020554.946733449,72.36798662761721,140.0
3624,36.330637,139.5690051,371564.32771408255,4021572.26574118,30.58160237373586,42.0
1579,36.321754000000006,139.5767785,372247.5518412452,4020576.567819617,96.2148372091525,23.0
5677,36.3276894,139.5692516,371581.6149181722,4021244.95771732,73.55353026270573,92.0
1582,36.321873,139.5742563,372021.3324830512,4020593.10350748,43.96700913981833,91.0
1583,36.3218639,139.59195860000003,373610.4217169152,4020568.812435475,74.35706634421693,136.0
5680,36.32252549999999,139.56755960000004,371421.2528089524,4020674.369209333,1.420259647075441,117.0
1585,36.3219406,139.587075,373172.1542649579,4020583.714535467,73.74467154213171,105.0
5682,36.321887699999984,139.5702242,371659.4016457071,4020600.0778020974,70.26702900908454,117.0
5681,36.3231104,139.5683384,371492.12438107,4020738.21754154,16.391840065175565,117.0
1588,36.3219008,139.5695213,371596.3249627135,4020602.464074118,9.799050777497593,117.0
5678,36.3271941,139.5690506,371562.7597437662,4021190.280513938,24.74570050771589,92.0
5686,36.32009000000001,139.5710836,371733.6021553191,4020399.5170113,34.86970487875017,77.0
5687,36.3197693,139.5710721,371732.0441814169,4020363.956710425,84.17362090028627,77.0
5688,36.3197782,139.5705715,371687.1195225015,4020365.6080687176,37.52228392401906,77.0
1593,36.32209069999999,139.5640463,371105.155879727,4020630.813471993,16.967636834956842,104.0
5690,36.3191043,139.5714898,371768.45185620827,4020289.633719372,46.88222711251092,135.0
5691,36.3184217,139.5714697,371765.52903748304,4020213.938926469,44.26904196282638,135.0
5692,36.3180481,139.5710222,371724.74361336185,4020173.0885845697,48.337848858677866,53.0
1596,36.32206560000001,139.5789485,372442.8572110666,4020608.269384439,98.71648704272616,46.0
5694,36.3173182,139.5726501,371869.6897663084,4020089.962211606,44.99424198608144,57.0
5689,36.3194513,139.5705588,371685.4434693997,4020329.3615929256,83.39482890853863,77.0
5696,36.31846819999999,139.57277720000002,371882.982447799,4020217.3643500768,27.27771466879144,57.0
5693,36.318048100000006,139.5713792,371756.79248417495,4020172.615139409,73.46729639353909,53.0
1602,36.322161300000005,139.5887585,373323.636092077,4020605.990369288,116.28345758983986,140.0
5695,36.31732449999999,139.5719768,371809.2555385812,4020091.5532881417,43.10090384913056,53.0
5697,36.31841949999999,139.5733835,371937.33167352655,4020211.15900968,48.08105670047766,81.0
1607,36.3223311,139.5768292,372253.045178471,4020640.519064116,21.073044240847576,29.0
5704,36.317491,139.5835452,372848.0617926248,4020094.752112397,14.969090181651469,65.0
1608,36.3226072,139.5679043,371452.3299262077,4020682.9740087935,6.513292740092137,117.0
5706,36.3172312,139.5835601,372848.977361704,4020065.9127229024,11.637379575398606,65.0
5705,36.31750029999999,139.5839594,372885.260972401,4020095.239297235,17.62781627641788,65.0
5708,36.31901109999999,139.5855796,373033.16242594726,4020260.7051637615,48.86833541524832,0.0
1613,36.3226258,139.5917419,373592.19968115946,4020653.61376345,76.55703599322901,136.0
5710,36.3190406,139.5863908,373106.03287139966,4020262.912952061,12.119725519984842,0.0
5707,36.317249700000005,139.584016,372889.9351614112,4020067.365671916,101.22281469781136,65.0
1616,36.32265489999999,139.5768131,372252.1285113802,4020676.459759534,16.168774313938844,29.0
5712,36.3190577,139.5875895,373213.6695784018,4020263.237739339,66.62685009072281,11.0
5714,36.32006179999999,139.5891768,373357.78850360506,4020372.543496828,89.63910713156527,86.0
1619,36.3226777,139.5772083,372287.6417948453,4020678.4669851153,64.31365700097312,29.0
5716,36.31992660000001,139.590591,373484.5229869904,4020355.694689577,54.72816719956842,101.0
5709,36.318694,139.5855993,373034.4165100661,4020225.5031714714,59.70938261270779,0.0
5711,36.3187236,139.5863796,373104.5134631896,4020227.762614331,67.65454159161955,0.0
5713,36.318598300000005,139.587847,373236.0416388328,4020211.9386399463,74.20532736946946,11.0
5715,36.3199264,139.5897837,373412.0510440368,4020356.7289123703,58.00828402379089,86.0
1625,36.322824,139.578954,372444.58713596186,4020692.3921039063,93.57219956618958,46.0
5717,36.3200403,139.59020490000003,373450.0465014695,4020368.8126700833,26.826569791714714,86.0
1628,36.32292499999999,139.5804228,372576.60161286674,4020701.659708975,59.84210535048514,133.0
1629,36.322948,139.5832669,372831.9453869881,4020700.4672534894,137.08992139190724,39.0
1630,36.323131,139.5679901,371460.8923823431,4020740.965636375,32.838637574088565,117.0
1642,36.32349399999999,139.5868529,373154.7347641605,4020756.325689182,77.63235253711883,138.0
1643,36.323526900000005,139.5868931,373158.39669892826,4020759.9225814217,34.923145444299294,138.0
1648,36.3235479,139.5771174,372280.9022343668,4020775.119116391,118.41254826153504,29.0
1651,36.3235873,139.5768513,372257.07972326607,4020779.8412822727,19.826836027413357,29.0
1653,36.323765,139.587676,373229.0604460387,4020785.308566441,103.35183059995953,138.0
1664,36.32412119999999,139.5851195,373000.1517558168,4020828.17662024,101.008869254834,131.0
1665,36.3241291,139.5664729,371326.3392087063,4020853.7037231927,69.63290646749766,108.0
1668,36.3243101,139.56836,371496.0335193011,4020871.272816612,493.4952377275425,112.0
1671,36.3243801,139.5868018,373151.5841285639,4020854.68848878,52.38670007321994,144.0
1672,36.32448049999999,139.5781869,372378.428382687,4020877.161261347,41.69708780349222,4.0
3721,36.3280193,139.5813061,372664.1834508928,4021265.611405605,103.4343413350679,126.0
1673,36.32431909999999,139.5755432,372140.85213541647,4020862.749357348,18.979460481537647,109.0
3723,36.328260400000005,139.5788799,372446.7979004961,4021295.5547461184,60.73825224874857,25.0
1676,36.324537000000014,139.5775528,372321.6004055104,4020884.265919106,50.58541963405942,4.0
3725,36.3284891,139.577398,372314.15440145216,4021322.880596935,14.090976983879823,95.0
5774,36.318089,139.58045110000003,372571.2679592836,4020165.160984723,104.38907903865424,60.0
3727,36.32866990000001,139.5762088,372207.7062986314,4021344.5080066896,23.25939309129133,54.0
5776,36.3193615,139.5808524,372609.3649322714,4020305.791730609,273.57259345098385,27.0
1679,36.324796499999984,139.5880795,373266.9516499874,4020899.204763643,63.91042962944464,21.0
3730,36.3300687,139.5811287,372651.59577266587,4021493.186947769,71.87032392320681,84.0
1680,36.3249532,139.5875573,373220.33035752166,4020917.272139612,94.143215337362,144.0
1677,36.324618,139.584047,372904.6850504547,4020884.696146859,111.68643475241424,31.0
1685,36.3249928,139.5816839,372693.1710008441,4020929.381550776,96.57318668195754,28.0
1686,36.32501599999999,139.586807,373153.0817564093,4020925.222562832,48.66958597780915,144.0
3735,36.33255799999999,139.5835693,372874.7064065561,4021766.115569276,103.45741858192105,134.0
1687,36.325037,139.583107,372820.9869084095,4020932.412065698,105.30113759900549,28.0
1689,36.325071,139.58641,373117.5344076073,4020931.8446085034,36.05256500188613,144.0
3738,36.3342741,139.5815423,372695.56397278886,4021959.1515132966,36.27239779797833,8.0
3739,36.3349398,139.5807395,372624.5935060574,4022034.0557511626,24.011319622763228,8.0
3740,36.3354441,139.580156,372573.044053953,4022090.767249291,84.12100481020468,8.0
1690,36.324969,139.5749118,372085.23661233566,4020935.678438896,47.43834930887219,82.0
3742,36.33722319999998,139.5781086,372392.1870466704,4022290.8254658994,13.400462799118843,93.0
1695,36.325476,139.5830757,372818.8908230427,4020981.151881284,33.265931593986885,28.0
1692,36.3253109,139.5852429,373013.1595746656,4020959.988960541,104.82439307651168,10.0
1696,36.32547829999999,139.5828846,372801.7406454576,4020981.6583845248,141.07045134675784,28.0
1698,36.3257125,139.5814315,372671.6855558992,4021009.5508354977,101.92396722710912,28.0
1704,36.32611469999999,139.5680639,371472.4181968613,4021071.852572287,61.6169047668952,120.0
1705,36.3260849,139.5694727,371598.8281376054,4021066.6751602623,55.390332544984304,69.0
1706,36.3261065,139.5798132,372527.0626221827,4021055.389789156,193.56235234891463,20.0
1708,36.3261936,139.5791851,372470.82419334736,4021065.8800775902,67.56846674310292,20.0
1709,36.3263179,139.5758523,372171.86405725183,4021084.0695180814,35.40670217098215,51.0
1710,36.32632039999999,139.5785371,372412.8643342744,4021080.800950251,35.44887802379071,20.0
1711,36.3262534,139.5920703,373627.5379456288,4021055.5968178897,113.4969978223842,49.0
1714,36.3264319,139.5778964,372355.5349695271,4021094.0153353135,27.93252402529828,20.0
1715,36.3264629,139.56971510000002,371621.2070295418,4021108.285250819,27.70624406898485,69.0
1716,36.32650449999999,139.5682123,371486.3793472861,4021114.8962694462,42.884660214277055,120.0
1717,36.3265471,139.5771088,372285.0256299888,4021107.8345659017,10.674188523822169,51.0
1719,36.3266353,139.5914216,373569.9257246284,4021098.809265945,34.605754882873576,49.0
1720,36.3266052,139.585421,373031.2468802252,4021103.3328750655,38.44723425949665,15.0
1721,36.3266207,139.5745862,372058.70999184274,4021119.3339258633,40.46073660312597,37.0
1722,36.3266451,139.5676054,371432.1331676007,4021131.2999704494,43.813043021389774,120.0
1723,36.3267236,139.5672526,371400.5938310474,4021140.4772183537,11.879896208101822,120.0
1725,36.326779,139.586257,373106.5704111149,4021121.5152340727,69.73945014596109,15.0
1726,36.3267883,139.5758784,372174.9753701064,4021136.21695218,19.496874614083023,51.0
1727,36.32685850000001,139.5683348,371497.9567215905,4021154.003074432,50.0250852373018,92.0
1728,36.326931,139.570016,371648.9846362212,4021159.812631317,30.37684471920739,85.0
1730,36.3269866,139.5662698,371312.8074769956,4021170.959649789,76.23495827880281,132.0
1731,36.3270547,139.5747556,372074.6254123269,4021167.2538549774,79.83779598554888,37.0
1733,36.3272306,139.578058,372371.3435256964,4021182.4025824345,57.96025126026448,146.0
3782,36.3189291,139.5649817,371183.9211364886,4020278.847518628,0.0,
3783,36.32078630000001,139.56500220000004,371188.8182663573,4020484.841323549,26.309492276560416,104.0
1736,36.32721509999999,139.5741361,372019.27999310056,4021185.8669717154,41.18830825941525,37.0
1737,36.3272077,139.5911534,373546.77648296417,4021162.65675237,24.28765083694029,49.0
1738,36.3273448,139.56849750000003,371513.3597073563,4021207.73266066,42.00458138699784,92.0
3787,36.31842890000001,139.5710272,371725.8165871989,4020215.3244451466,26.879652662176355,135.0
3788,36.31903139999999,139.5749121,372075.5577443925,4020277.014588628,43.25399147791774,122.0
1740,36.3272397,139.5759177,372179.24048340425,4021186.239251853,54.92060979632619,51.0
3790,36.322150299999976,139.5800702,372543.6879729301,4020616.186245379,52.31792126515168,133.0
3791,36.3222992,139.5851831,373002.9039401224,4020625.9771823073,80.30335383599989,76.0
1743,36.3275767,139.5819357,372719.97706985264,4021215.684420305,262.1401280682805,125.0
3793,36.32300420000001,139.5885726,373308.3128897074,4020699.737419469,204.5083651894348,21.0
3794,36.3236099,139.5914884,373571.0336443854,4020763.1120660696,312.38730625913223,136.0
3792,36.32269469999999,139.5871087,373176.4015796855,4020667.3232199233,133.41332641381535,138.0
1747,36.32769669999999,139.5679684,371466.44468204526,4021247.4725322975,74.65842573027452,92.0
1744,36.3275555,139.5685721,371520.4019560764,4021231.0067181457,16.912096774765924,92.0
1745,36.3276825,139.5759724,372184.8738436297,4021235.2871921984,18.2769762020681,51.0
1750,36.32785609999999,139.5686815,371530.7154917634,4021264.207250556,39.22155167796955,92.0
1752,36.3278658,139.5706066,371703.5312777183,4021262.727201167,85.70964672543457,85.0
1753,36.32793190000002,139.5907708,373513.6043159759,4021243.49325608,47.53279199797282,49.0
1751,36.32810769999999,139.5760482,372192.37236479495,4021282.3548615705,39.89758786690457,54.0
1755,36.32802430000001,139.5877906,373246.2477071804,4021257.645919212,59.02476211991626,66.0
1756,36.3280478,139.5744444,372048.3154653553,4021277.8312227926,0.0,
1757,36.3280007,139.5666476,371348.387285628,4021282.952175883,78.22824749182651,124.0
1759,36.3281935,139.5667094,371354.2515573108,4021304.257475229,37.83158382427429,124.0
1761,36.32834399999999,139.57096490000004,371736.47677968384,4021315.2990888776,16.739168535297974,85.0
1762,36.32837169999999,139.56886320000004,371547.8716797524,4021321.161933095,34.9185185218681,70.0
1763,36.32834449999999,139.5909469,373530.0782128325,4021289.032954556,88.79970766822845,50.0
1766,36.328450200000006,139.5895719,373406.8282690254,4021302.55770094,40.59169093340151,50.0
1767,36.32873450000001,139.5891506,373369.4722825476,4021334.6470124368,42.56162750071452,50.0
1768,36.32882,139.5713103,371768.26038095553,4021367.644154749,0.0,
1769,36.3288952,139.5690494,371565.4445530828,4021378.987026627,69.97544495607015,70.0
1770,36.3290498,139.5684419,371511.16905956686,4021396.9441143135,46.79993293861144,70.0
1771,36.3291867,139.57905,372463.5762395726,4021398.085732928,113.2620511005433,89.0
1772,36.32924989999999,139.5900831,373454.0073863654,4021390.599907065,89.58300608966769,50.0
1773,36.32927439999999,139.5716702,371801.309735195,4021417.5739931855,0.0,
1774,36.32933699999999,139.5670895,371390.2495451633,4021430.601597096,49.57054438028701,75.0
1777,36.3294165,139.5692373,371583.16619332414,4021436.565847926,43.127949220793504,70.0
1780,36.3295257,139.577228,372300.5870724576,4021438.0961953383,27.753720402943628,107.0
1787,36.3299333,139.5694115,371599.6505332993,4021493.663707445,137.99382744511362,42.0
1788,36.3299981,139.5730993,371930.7702399912,4021495.960917464,0.0,
1789,36.3299498,139.5714065,371778.7470105906,4021492.846536352,0.0,
1790,36.3301432,139.5816663,372699.9713462644,4021500.743350076,23.949201908496757,84.0
1791,36.3301052,139.5792177,372480.126114796,4021499.754660588,169.61265599972714,127.0
1792,36.3302518,139.5823189,372758.7245314943,4021511.931416341,93.19118331572774,84.0
1794,36.3303341,139.5828719,372808.4948459608,4021520.333412924,23.01168169380601,84.0
1795,36.33031489999999,139.5736386,371979.69568765705,4021530.3896703967,0.0,
1796,36.3305284,139.5712464,371765.32500074897,4021557.243612736,0.0,
1797,36.3305611,139.572855,371909.7639237603,4021558.738750036,0.0,
1798,36.33094249999998,139.5830405,372824.6171694381,4021587.602024773,56.58368079187122,22.0
1799,36.330927900000006,139.5796814,372523.0878578486,4021590.406120617,67.65905182281779,43.0
1800,36.33094739999999,139.5697659,371633.125173761,4021605.688393447,43.71117820585674,42.0
1801,36.3309603,139.5714381,371783.2395580148,4021604.9005287406,0.0,
1802,36.3309487,139.5731098,371933.2688731913,4021601.398110951,0.0,
1803,36.3310102,139.5676847,371446.4240833968,4021615.4200865994,114.94125888464268,103.0
1804,36.33105150000001,139.5825178,372777.8780228852,4021600.381169669,24.71820165772516,22.0
1805,36.3310859,139.5747525,372080.938533728,4021614.443203226,0.0,
1806,36.3310721,139.5650444,371209.5381374506,4021625.800592117,0.0,
1807,36.3311344,139.5672613,371408.62473922514,4021629.760789867,13.273725448879604,103.0
1808,36.3311607,139.5670054,371385.698963656,4021633.0186645,18.95690356552856,103.0
1809,36.33117959999999,139.5819049,372723.0739465165,4021615.398089685,99.60257540288045,22.0
1811,36.33138,139.5716224,371800.46973403473,4021651.213932101,0.0,
1812,36.3313783,139.5733472,371955.2805664053,4021648.7396825454,0.0,
1813,36.3313897,139.5699247,371648.10442638845,4021654.542417252,84.7450316510143,42.0
1814,36.3314296,139.5751224,372114.70178596536,4021652.080877246,0.0,
1815,36.331528,139.587926,373264.0773464718,4021646.136926333,90.03666057391098,32.0
1817,36.33154119999999,139.5801897,372569.7108048719,4021657.770041544,40.294348218188446,43.0
1818,36.33175629999999,139.5746855,372076.0210441822,4021688.90005458,5.936246357380727,71.0
1819,36.3318101,139.5735985,371978.5432536368,4021696.306949438,35.04852755385766,71.0
1820,36.33182039999999,139.5700825,371662.9747376704,4021702.110991746,26.87746167440533,64.0
1822,36.3318282,139.5718066,371817.7374628368,4021700.689037914,0.0,
1823,36.33190770000001,139.5904244,373488.9404508635,4021684.985281088,1.268222193564645,32.0
1824,36.3319871,139.5737064,371988.5176690426,4021715.7988862977,0.0,
1825,36.33203999999999,139.565029,371209.7493704844,4021733.191447892,67.93981007135159,103.0
1826,36.33209159999999,139.5759121,372186.6647747652,4021724.472982934,13.724148533176509,71.0
1827,36.3321134,139.5670534,371391.57360407466,4021738.638972941,139.86747615275635,103.0
1828,36.3321593,139.5741541,372028.9834521698,4021734.3085386064,0.0,
1829,36.33227039999999,139.5719975,371835.5965471912,4021749.4897076506,0.0,
1830,36.3322704,139.5702332,371677.2392888666,4021751.829985908,15.1787985122596,64.0
1831,36.33231159999999,139.5756923,372167.2957896901,4021749.1684219087,27.21299016543832,71.0
1832,36.3324426,139.5696394,371624.2245120856,4021771.720639205,77.84710106482542,64.0
1834,36.3326184,139.5753995,372141.51659706753,4021783.589266683,19.89897085332031,71.0
1835,36.3327312,139.5703923,371692.2753563207,4021802.735911418,9.42388767708382,64.0
1836,36.33270340000001,139.5722043,371854.8674927376,4021797.248770727,0.0,
1838,36.33281910000001,139.5683307,371507.3789467404,4021815.224772588,88.15030002536321,64.0
1844,36.33317420000001,139.5705522,371707.3538744224,4021851.666225375,86.8036789085357,34.0
1845,36.3332034,139.5808443,372631.1722763496,4021841.297002581,114.16666730199202,38.0
5941,36.32153639999999,139.5857769,373054.97061748937,4020540.579548905,27.757437050850008,76.0
5943,36.32167019999999,139.5846393,372953.0670989119,4020556.916003628,83.2422072081902,76.0
1847,36.3333132,139.5712974,371774.4674416839,4021866.097036618,26.87881298764929,34.0
5942,36.32187309999999,139.5857102,373049.5292579157,4020578.017495212,24.768435743212265,76.0
5944,36.3218384,139.5851916,373002.91916199296,4020574.8491178327,56.99614420553024,76.0
1851,36.333571500000005,139.5706925,371720.598096758,4021895.55301576,40.8821828135524,34.0
1852,36.333567,139.567951,371474.5275045873,4021898.694942204,25.84668240537259,64.0
1853,36.33381459999999,139.5701105,371668.7595530539,4021923.2927881153,82.6568210593836,34.0
1856,36.33401799999999,139.565023,371212.4674426899,4021952.621472771,5.0356725131349656,47.0
1857,36.334034,139.566066,371306.10769250087,4021953.0074485536,143.66148177358872,47.0
1858,36.3341285,139.5688141,371552.9170541522,4021959.835744481,27.793072240995212,64.0
5952,36.3158777,139.585763,373044.5441310233,4019912.8741885615,89.13983633699763,87.0
1860,36.334264699999984,139.5682017,371498.1752590769,4021975.758404141,26.530748108724445,62.0
5959,36.3253682,139.5790586,372458.12371561705,4020974.484533746,77.59569242570048,4.0
1864,36.3346263,139.572189,371856.6443508401,4022010.578591114,14.491012627382126,34.0
1865,36.3347182,139.57147,371792.26206434576,4022021.726442264,81.52427726798196,34.0
1867,36.3349425,139.5703139,371688.86585347226,4022048.142118237,77.7269909779744,26.0
1868,36.3350099,139.5657727,371281.3886649912,4022061.655754561,3.637006714862881,47.0
1869,36.3350238,139.5659431,371296.7055057988,4022062.970831156,78.63503082648323,47.0
1870,36.3349757,139.5650001,371211.9889188842,4022058.8908716794,1.7683939901772632,47.0
1871,36.335107999999984,139.5634856,371076.2754614686,4022075.585740799,0.0,
1872,36.33503699999999,139.573821,372003.7944481997,4022053.976041629,0.0,
1873,36.3352166,139.5760639,372205.3953410406,4022070.932033887,0.0,
1874,36.33520579999999,139.5765061,372245.0664692629,4022069.149520431,51.79963857754508,93.0
1875,36.3352707,139.5687601,371549.94603285246,4022086.613147989,104.91548871261936,62.0
1877,36.3353301,139.5682447,371503.78491432767,4022093.887396728,75.99833633950018,62.0
1879,36.3354488,139.5744548,372061.353605109,4022098.818535928,0.0,
1883,36.336486,139.589342,373399.1980604105,4022194.277241351,57.61397472791701,45.0
1884,36.3366046,139.5690587,371578.9364077506,4022234.1876383214,38.83392669699476,62.0
1885,36.336803800000006,139.5767857,372272.7709853088,4022246.0480295424,172.2316684491533,93.0
1886,36.3369035,139.5678955,371475.0286597718,4022268.890864189,94.10219646541142,62.0
1888,36.3370435,139.5847577,372988.6560545205,4022262.1346236714,0.0,
1889,36.3370333,139.5703777,371698.0218361144,4022279.992465216,59.2327558327077,48.0
3938,36.31569950000001,139.571029,371721.50497327617,4019912.547275418,78.32777268818633,24.0
1890,36.33706389999999,139.5709619,371750.5045239067,4022282.6117595606,56.89393324832911,48.0
3940,36.3158929,139.5768924,372248.209765007,4019926.24061334,77.74419977986118,52.0
3941,36.3159501,139.5782576,372370.86406194384,4019930.7834812137,46.06674377035781,61.0
3942,36.315987500000006,139.5797499,372504.8963080007,4019932.9640972777,141.89483029396604,61.0
3943,36.316027,139.5744106,372025.6250019203,4019944.397406641,74.55597529040095,36.0
3944,36.3160056,139.5807935,372598.61496442766,4019933.596768229,133.24606463850594,116.0
3945,36.3160844,139.57312040000002,371909.8911822808,4019952.4727595486,115.1943032092945,137.0
3946,36.31628829999999,139.5833187,372825.7740226869,4019961.633548039,142.95387221898827,65.0
3947,36.3163893,139.5836082,372851.9278438051,4019972.4569248497,62.90422577337414,65.0
3948,36.31641119999998,139.5751047,372088.5657011108,4019986.098841622,51.35978569279902,36.0
1895,36.3373141,139.57204830000003,371848.4198751254,4022308.9260020335,13.191969974448114,48.0
1893,36.3371702,139.5667148,371369.498101196,4022300.046656237,63.04483058941706,62.0
1898,36.3377072,139.5643929,371161.9901783076,4022362.70886359,0.0,
1901,36.33845800000002,139.570576,371718.1562830031,4022437.773064552,86.10016658869358,48.0
1905,36.3385306,139.5853594,373045.073041311,4022426.3098053327,23.28234146745857,13.0
1903,36.338541,139.569785,371647.3007790957,4022448.0303512784,6.908392510970354,48.0
1902,36.3385629,139.57155000000003,371805.7440665918,4022448.1176442592,51.11285616881828,48.0
6010,36.318053499999984,139.5638613,371081.89852420427,4020183.2092317306,20.01945214841469,97.0
6012,36.3187964,139.564995,371184.8966917,4020264.109258095,2.304501834566845,19.0
6013,36.3187928,139.5649036,371176.685608769,4020263.83165068,11.913280106579364,19.0
6027,36.3181108,139.5674131,371400.847728052,4020184.836908185,86.51953497698511,142.0
6028,36.3183347,139.5683634,371486.52638259553,4020208.4111582735,103.20970027217834,142.0
6029,36.3191387,139.5673688,371398.5597988969,4020298.92176338,63.36926363514952,115.0
6030,36.31883619999999,139.5674486,371405.2265358504,4020265.2590307817,83.26253356290806,115.0
6031,36.32259779999999,139.569707,371614.1384542562,4020679.536428644,4.694626762649874,117.0
6032,36.32257419999999,139.5704032,371676.5959150314,4020675.994385885,71.21313213656096,117.0
6033,36.3212088,139.5694911,371592.4784991342,4020525.739925493,161.70188563015384,117.0
6034,36.3193394,139.5651586,371200.47700621234,4020324.1269041817,126.62637092211358,19.0
6035,36.3188134,139.5652752,371210.0787695745,4020265.621908932,37.34278337280037,19.0
6036,36.3195034,139.5663011,371303.3104346478,4020340.7986051375,71.42866350575139,145.0
6037,36.32020949999999,139.5662138,371296.63461870304,4020419.243171236,141.18759011101588,145.0
6038,36.31975899999999,139.5669378,371360.88784164295,4020368.305468949,150.90608824663505,145.0
6039,36.31984539999999,139.566415,371314.09771542926,4020378.585443218,45.27797628164303,145.0
6040,36.3155738,139.5662546,371292.67426516826,4019904.9461388336,40.6924136385426,106.0
5679,36.3233036,139.5683748,371495.7091686678,4020759.601046766,39.4105477085332,117.0
5683,36.3222645,139.5702338,371660.8813759601,4020641.8638597904,18.90100963838653,117.0
4020,36.316974,139.5780658,372355.3149765547,4020044.6186233535,60.08184340762124,61.0
4021,36.3170365,139.5726058,371865.2516285913,4020058.771675088,64.4583770296559,137.0
4022,36.3170743,139.5710092,371721.980569127,4020065.0813137214,98.00415337109492,53.0
4023,36.31753829999999,139.5744455,372031.2290726071,4020112.001006521,105.40401810463068,118.0
4024,36.3179573,139.5818082,372692.8841146629,4020148.764163096,227.31373406079268,60.0
4025,36.31821250000001,139.5736336,371959.4450812846,4020187.86517578,50.75296263990564,81.0
5684,36.3225112,139.5704361,371679.4459609509,4020668.962075743,6.0120415430226,117.0
5685,36.3200961,139.5705688,371687.39835029736,4020400.876600333,53.71392357278026,77.0
6108,36.3265558,139.5655957,371251.5896547004,4021124.067875408,52.89810313234322,132.0
6109,36.3248335,139.566173,371300.5770071138,4020932.242691548,78.06624312237031,108.0
6124,36.31642159999999,139.591898,373596.1923029536,4019965.1738751465,28.22197097854113,90.0
6141,36.3273939,139.5884258,373302.243123169,4021186.8826204543,40.54501976486567,66.0
6142,36.32745309999999,139.5891207,373364.7144260319,4021192.539411938,17.873298400698335,66.0
6143,36.3278053,139.5892414,373376.11867053,4021231.451174904,79.6155734204733,66.0
