city,cluster,frequency_hz,terminals,demand_kw,transformer_sites,transformer_units,s1_npc_mean,s1_npc_std,s1B_npc_mean,s1A_npc_mean,s1B_length_mean,s1_capex_mean,s1_capex_trench_mean,s1_capex_conductor_mean,s1_capex_transformer_mean,s1_variable_loss_kwh_y_mean,s1_no_load_loss_kwh_y_mean,s1_length_mean,s1_plkw_mean,s1_vdrop_max,s1_customer_min_pu,s1_representative_candidate,s1_representative_fixed_npc,s1_conductor_optimized_npc,s15_npc,s15_capex,s15_conductor_optimized_npc,s2_topology_fixed_conductor_npc,s2_npc,s2_w,s2_capex,s2_capex_trench,s2_capex_conductor,s2_capex_transformer,s2_variable_loss_kwh_y,s2_no_load_loss_kwh_y,s2_plkw,s2_length,s2_vdrop,s2_customer_min_pu,s2_upsize_m,edge_set_divergence,tld,all_primary_networks_feasible,delta_npc,delta_npc_B,routing_policy_delta_npc,routing_policy_savings_pct,combined_screening_savings_pct,ltp_pct,ltpB_pct
kudamatsu,0,60,3,98.77082242900606,3,5,266253279.11692512,0.0,266253279.11692515,266253279.11692515,962.8312685230125,195839272.80426416,163174690.27845192,25570781.71307532,7093800.812736931,2376.530312632659,1970.9999999999998,962.8312685230126,1.6472459485404638,0.02604422848666714,0.9772019778659019,c000_r00_A_steiner.csv,266253279.11692512,246878060.458634,266253279.11692512,195839272.80426416,246878060.458634,266253279.11692512,246878060.458634,0,181151021.39167404,163174690.27845192,10882530.300485205,7093800.81273693,3078.7072344371504,1970.9999999999998,2.0674670906342727,962.8312685230127,0.08294226659424539,0.9747584716621623,0.0,0.0,0.0,True,19375218.65829113,19375218.65829116,0.0,0.0,7.276987807456262,7.276987807456262,7.276987807456273
kudamatsu,1,60,10,287.3577194970198,9,13,276114281.93710613,0.0,276114281.93710613,276114281.93710613,714.5510417223423,199608402.0507513,155932656.2583514,21763776.043058563,21911969.749341357,6644.930228983137,5983.079999999999,714.5510417223426,4.659690322975959,0.015480120536598075,0.9749970216573456,c001_r00_A_steiner.csv,276114281.93710613,261305835.82266068,276114281.93710613,199608402.0507513,261305835.82266068,276114281.93710613,261305835.82266068,0,187972131.89856517,155932656.2583514,10127505.89087242,21911969.749341357,8137.257311722613,5983.08,5.5527806134895386,714.5510417223426,0.0492945447749662,0.9734447391870275,0.0,0.0,0.0,True,14808446.114445448,14808446.114445448,0.0,0.0,5.363158330874947,5.363158330874947,5.363158330874947
kudamatsu,2,60,13,372.4529359314662,13,19,424074337.4303525,0.0,424074337.4303525,424074337.4303525,1153.2955552424667,307713188.82928723,244244333.28636995,34532388.881061666,28936466.661855552,8631.486004331451,8103.0,1153.2955552424667,6.0905541418047315,0.04275945686837682,0.9747195722603987,c002_r00_A_steiner.csv,424074337.4303525,400103231.420889,424074337.43035257,307713188.8292873,400103231.42088914,424074337.43035257,400103231.42088914,0,288858816.1464594,244244333.28637,15678016.198233807,28936466.661855552,11089.62758436282,8103.0,7.561640744216127,1153.295555242467,0.13624253981672815,0.9723302008331149,0.0,0.0,0.0,True,23971106.00946337,23971106.00946337,-5.960464477539063e-08,-1.4055235017652946e-14,5.652571705874619,5.652571705874619,5.652571705874619
kudamatsu,3,60,8,318.79935585899005,8,12,175564780.55062822,2765556.7652944424,176566000.77054074,174563560.3307157,318.863100589432,124255439.81567915,92192772.32043894,11465462.053406486,20597205.441833727,8639.659638028003,5597.64,314.61848213625956,5.809445692039955,0.011143093162762383,0.9748775730353206,c003_r00_A_steiner.csv,174563560.3307157,167898105.2846222,174563560.33071566,123512631.58637396,167898105.2846222,174563560.33071566,167898105.2846222,0,118527920.64455122,91556079.55246305,6374635.650254423,20597205.441833727,8720.470990096344,5597.64,5.857807632750047,310.3738636830871,0.012243156084161566,0.9748775730353206,0.0,0.0,0.0,True,7666675.266006023,8667895.485918552,1001220.2199125588,0.5702853481047889,4.366864038425496,4.366864038425496,4.909153205085649
kudamatsu,4,60,2,109.85476534399825,2,4,216341176.35402846,0.0,216341176.35402846,216341176.35402846,766.3120152910216,158629052.48094782,129946802.29365325,20357800.38227554,8324449.805019047,2485.59698576809,2207.52,766.3120152910218,1.7395174214785964,0.011746290330406875,0.9784879222544253,c004_r00_A_steiner.csv,216341176.35402846,201077019.9267011,216341176.3540285,158629052.48094785,201077019.9267011,216341176.3540285,201077019.9267011,0,147110496.8787598,129946802.29365325,8839244.780087497,8324449.805019047,2914.986414120615,2207.52,1.9964875815368412,766.3120152910216,0.037275617731555744,0.9781998837825979,0.0,0.0,0.0,True,15264156.427327365,15264156.427327365,-2.9802322387695312e-08,-1.3775612617972328e-14,7.055594632779732,7.055594632779732,7.055594632779732
kudamatsu,5,60,9,140.83742015368233,8,8,606906898.876864,4563940.748567993,609680452.888199,604133344.865529,2320.3424134301295,447958933.12572336,376285881.68143463,60114313.61357245,11558737.830716245,2998.318494413954,3284.9999999999995,2308.5725445428975,2.169358064126797,0.01405977469113912,0.9771064420528026,c005_r16_B_incremental.csv,606612907.2956517,560139330.0444431,604133344.8655288,445899206.0704578,557869686.2830659,604133344.8655288,557869686.2830659,0,411184035.02380127,374520401.3483499,25104895.844735086,11558737.830716245,3843.382021197801,3284.9999999999995,2.675090379359175,2296.802675655666,0.04105764071962106,0.9738673005100575,0.0,0.0,0.0,True,49037212.59379804,51810766.60513306,2773554.0113351345,0.456998267191862,8.079857501133343,8.079857501133343,8.498019964342523
kudamatsu,6,60,6,425.70110418111994,5,16,243732717.76853883,6061242.32006414,247232164.84715188,240233270.68992576,454.4982678993726,173054633.85484326,125951907.00076215,15791984.500127023,31310742.353954066,10118.258681019894,8357.039999999997,439.67938000508093,7.009320371412947,0.05480381920393263,0.9779108441290371,c006_r00_A_steiner.csv,240233270.6899258,231780474.8196169,240233270.6899258,170461328.4733422,231780474.8196169,240233270.6899258,231780474.8196169,0,163365493.54395244,123729073.8166184,8325677.37337996,31310742.353954066,12015.454806298187,8357.039999999997,8.144706479648459,424.8604921107893,0.10122135059991981,0.9726095419709662,0.0,0.0,0.0,True,11952242.948921919,15451690.027534962,3499447.078613043,1.4357723947165346,4.903831975595654,4.903831975595654,6.249870455605067
kudamatsu,7,60,5,39.47456928535186,5,5,134089206.23564951,523943.4353512687,134400071.38746908,133778341.08382988,424.90683570538255,98710550.83428685,82288159.83800893,12089693.306334818,4332697.68994311,638.4598686365854,1357.7999999999997,423.58773225339274,0.5370893664378089,0.0028564034561592657,0.983584845115392,c007_r20_B_incremental.csv,133935594.55547878,124749890.85900156,133694786.68877679,98417660.52414854,124529373.55956858,133694786.68877679,124529373.55956858,0,91517464.16121815,82037111.00074752,5147655.470527539,4332697.68994311,858.6694743555028,1357.7999999999997,0.6688748597254905,421.9140733383167,0.009088254732873655,0.9792733424703731,0.0,0.0,0.0,True,9559832.676080927,9870697.8279005,394419.5468727201,0.29414712633883733,7.129457280312628,7.129457280312628,7.344265316231672
kudamatsu,8,60,9,291.37988094443597,8,13,357674699.2672411,4298745.071892431,361965878.37064403,353383520.1638382,1088.1462839742237,259966632.1489543,209237479.77689716,30647913.296149522,20081239.075907685,7523.233615348869,5580.119999999998,1069.916531845981,5.1393151913851645,0.028930831493047055,0.9747854756681908,c008_r00_A_steiner.csv,353810105.5219854,332117731.7472823,353078816.3365903,256550183.09123057,331447982.5959679,353078816.3365903,331447982.5959679,0,240235207.7991704,206309094.87027678,13844873.852985956,20081239.075907685,8122.016588367498,5580.119999999998,5.497659729598674,1050.3939658018448,0.09100262944903906,0.9743330443653098,0.0,0.0,0.0,True,26226716.67127323,30517895.774676144,4595882.93065083,1.2849337512735166,7.3325613259767115,7.3325613259767115,8.431152657827758
kudamatsu,9,60,7,72.08661301548425,6,6,198153527.19526935,3599775.0896941614,199763395.55612266,196543658.83441606,662.7316121131086,145682914.59921116,120885226.32003276,18197537.720005456,6600150.559172958,1393.1100514634209,1997.28,655.9015088002183,1.0617133829233445,0.005800112169502178,0.9801334124051445,c009_r00_A_steiner.csv,196543658.83441606,182898991.79358742,196543658.83441606,144487646.51945534,182898991.79358742,196543658.83441606,182898991.79358742,0,134100193.90885192,119860710.8230992,7639332.526579764,6600150.559172958,1988.6850422787725,1997.28,1.4181380888219255,649.0714054873281,0.008975198154406495,0.9749007675336855,0.0,0.0,0.0,True,15254535.40168193,16864403.762535244,1609868.3608532846,0.8124348749375773,7.698341592804163,7.698341592804163,8.442189178646226
kudamatsu,10,60,6,299.94102343551236,6,11,475800049.0697567,15481510.518642921,466861794.80435616,484738303.3351572,1563.4937048065492,347689006.3352092,281461516.604063,43335252.76734383,22892236.963802386,7011.449907804,6070.679999999998,1601.410110693753,4.889035780297672,0.06504472884066534,0.9746060909765477,c010_r00_A_steiner.csv,484738303.3351572,452176980.1981645,484738303.3351572,354324377.3654698,452176980.19816464,484738303.3351572,452176980.19816464,0,329573428.7411008,287148977.4871435,19532214.29015488,22892236.963802386,8350.10970927187,6070.6799999999985,5.690163150309024,1639.3265165809564,0.20694336702897062,0.9742405295546605,0.0,0.0,0.0,True,23623068.871592045,14684814.606191516,-8938254.265400529,-1.8785736325323703,4.964915181866382,4.964915181866382,3.1454307826463626
kudamatsu,11,60,5,190.94526290520076,5,8,139876043.87852773,0.0,139876043.8785277,139876043.8785277,314.06901244393254,100193189.24817051,77110351.86658989,10251725.311098315,12831112.070482297,5016.032562730463,3539.0400000000004,314.0690124439326,3.405868712622287,0.0067249134089610325,0.9751740215802144,c011_r00_A_steiner.csv,139876043.87852773,133196925.41312462,139876043.87852773,100193189.24817051,133196925.41312462,139876043.87852773,133196925.41312462,0,95084436.6289057,77110351.86658989,5142972.691833514,12831112.070482297,5363.773707812917,3539.0400000000004,3.6139760664840885,314.0690124439326,0.021424706187672476,0.9751740215802144,0.0,0.0,0.0,True,6679118.46540311,6679118.46540308,0.0,0.0,4.775026716657388,4.775026716657388,4.775026716657368
kudamatsu,12,60,6,119.17216699540965,5,6,117024550.0504267,1374060.0753559372,117982274.219902,116066825.88095142,297.44517432053743,84600951.76762898,66507195.708549745,9134532.618091626,8959223.440987617,2816.6673985809393,2531.6400000000003,293.381304723665,1.974648095765298,0.0025388326659705135,0.9770381359645081,c012_r00_A_steiner.csv,116066825.88095142,109872227.22865112,116066825.88095142,83889774.58817631,109872227.22865112,116066825.88095142,109872227.22865112,0,79146331.86316255,65897615.26901888,4289493.153156061,8959223.440987617,3151.572735086037,2531.6400000000003,2.1750737985038855,289.3174351267926,0.008055066485777581,0.9766556617610368,0.0,0.0,0.0,True,7152322.821775585,8110046.991250873,957724.1694752872,0.818395942614261,6.111813990050463,6.111813990050463,6.873953773882093
kudamatsu,13,60,3,270.4459194999038,3,9,194215422.46213663,2493396.5721616596,191722025.88997498,196708819.03429833,469.4971356391972,139190168.4150133,105758705.4460461,14701450.907674348,18730012.06129286,6739.9123152069305,4966.919999999999,480.058036306974,4.600532807415412,0.02705627724479641,0.9763333993636166,c013_r12_B_incremental.csv,191722025.88997498,182417473.83343643,196708819.0342983,141038326.03187424,187010835.50533578,196708819.0342983,187010835.50533578,0,133727749.31864023,107342840.54621261,7654896.711134757,18730012.06129286,7002.550799972927,4966.919999999999,4.757710066591817,490.6189369747507,0.08590845341082472,0.9757448776019564,0.0,0.0,0.0,True,7204586.956800848,4711190.384639204,-2493396.5721616745,-1.2838303676155152,3.709585400307446,3.709585400307446,2.4573026300811422
kudamatsu,14,60,3,177.04013473742782,3,6,89061469.62091039,0.0,89061469.62091039,89061469.62091039,148.9850096130747,62859051.389816664,44847751.44196121,5524625.240326867,12486674.70752857,4316.445932411263,3311.28,148.9850096130747,2.9611977428746563,0.005655216336821688,0.9773109601938997,c014_r00_A_steiner.csv,89061469.62091039,86092268.37437809,89061469.62091039,62859051.38981666,86092268.37437809,89061469.62091039,86092268.37437809,0,60590668.645798504,44847751.441961214,3256242.496308713,12486674.707528573,4464.712583286315,3311.28,3.049928630248488,148.9850096130747,0.01794381508562131,0.9772928799169157,0.0,0.0,0.0,True,2969201.246532306,2969201.246532306,0.0,0.0,3.3338785663100925,3.3338785663100925,3.3338785663100925
kudamatsu,15,60,5,1471.9716780598856,5,44,505637201.4406464,0.0,505637201.44064635,505637201.44064635,444.2429844551253,347511470.1348564,231636447.6682688,24306074.611378133,91568947.85520947,40846.203597361644,24282.720000000005,444.2429844551254,27.216606185246686,0.061055040438614844,0.9749386008323702,c015_r00_A_steiner.csv,505637201.4406464,497373648.9765364,505637201.4406464,347511470.1348564,497373648.9765364,505637201.4406464,497373648.9765364,0,340815853.8885461,231636447.6682688,17610458.36506787,91568947.85520947,42150.26737864392,24282.720000000005,27.99702940127227,444.2429844551253,0.19401870626202392,0.9738581730308419,0.0,0.0,0.0,True,8263552.464110017,8263552.464109957,0.0,0.0,1.6342849063648304,1.6342849063648304,1.6342849063648188
kudamatsu,16,60,10,1236.265093898066,10,41,1100638456.2566216,10636368.802251412,1104800479.459005,1096476433.0542383,3132.611136684985,793744751.0841665,620978768.1259103,90171461.35431838,82594521.60393801,32799.807164502236,22031.400000000005,3114.8584541727355,22.144201699912173,0.18591486053092562,0.9740792246103427,c016_r00_A_steiner.csv,1107078704.3364215,1045372016.3972173,1107078704.3364215,798559806.5860995,1045372016.3972173,1085874161.772055,1026367153.403749,1,736366556.2001623,611525772.9420073,42246261.654217035,82594521.60393801,37993.283267162085,22031.4,25.252262348912364,3051.8384862800485,0.5931315347040365,0.9700070578686115,0.0,0.2068965517241379,0.2068965517241379,True,74271302.85287261,78433326.05525613,-6440248.0797998905,-0.5851374757251169,6.748019972469119,6.748019972469119,7.099320421517475
kudamatsu,17,60,5,156.20129955764838,5,8,124607789.95650256,0.0,124607789.95650251,124607789.95650251,258.73800361265694,89557574.14097504,68810700.54189855,8868450.090316422,11878423.508760074,3634.682785560191,3284.9999999999995,258.73800361265694,2.5501933221782505,0.003545486415642892,0.977059058169643,c017_r00_A_steiner.csv,124607789.95650256,119012321.58075783,124607789.95650256,89557574.14097504,119012321.58075783,124607789.95650256,119012321.58075783,0,85117683.60994056,68810700.54189855,4428559.559281935,11878423.508760076,4298.895288192849,3284.9999999999995,2.9476944757792474,258.73800361265694,0.011275589885578731,0.9749553274992294,0.0,0.0,0.0,True,5595468.37574473,5595468.3757446855,0.0,0.0,4.490464342315972,4.490464342315972,4.4904643423159385
kudamatsu,18,60,11,121.52098502899383,10,10,390052924.4181511,3446530.2146335263,391096558.0170117,389009290.81929034,1350.6080094859024,287158813.2024551,239426871.24244106,36654478.54040683,11077463.419607222,2337.308963197103,3425.16,1346.1791416162732,1.7897737441109678,0.01106380063266911,0.9788117999509016,c018_r00_A_steiner.csv,389009290.81929034,361060215.4354475,389009290.81929034,286383761.32527,361060215.43544745,389009290.81929034,361060215.43544745,0,265369137.13270202,238762541.06199664,15529132.651098162,11077463.419607222,2946.301331548707,3425.16,2.1542281438617734,1341.750273746644,0.035223722359660314,0.9787373526166743,0.0,0.0,0.0,True,28992708.982703626,30036342.581564248,1043633.5988607407,0.2675620495391869,7.433019256541294,7.433019256541294,7.680032453841678
kudamatsu,19,60,8,277.67879387710343,8,13,260110732.76230013,9356057.055948908,265397277.2151842,254824188.30941603,666.5919674136458,187949967.78042102,145371982.0648905,20003663.677481752,22574322.03804873,5963.110672184869,6140.759999999998,644.14654709927,4.269652143476464,0.03373160390963841,0.9766488538868561,c019_r13_B_incremental.csv,259799237.16210276,246413167.99554574,254147254.4241873,183525883.00623226,241260639.22067618,254147254.4241873,241260639.22067618,0,173362575.73299253,141579909.40130016,9208344.293643657,22574322.03804873,7338.961785596899,6140.759999999998,5.093036832257252,618.8660626753342,0.06133029126930055,0.9744302231275419,0.0,0.0,0.0,True,18850093.54162395,24136637.994508028,5963478.338112831,2.2926690778125263,7.246949536238453,7.246949536238453,9.094531130000265
kudamatsu,20,60,15,349.83276003626503,15,20,536486469.5071147,10730442.903729975,544804144.834092,528168794.18013746,1647.7073015388078,391509691.296525,316861316.1973121,46310219.366218686,28338155.732994173,7969.151793619454,8006.639999999999,1612.4087746487476,5.68317706100017,0.10813858936392011,0.9769686518756021,c020_r14_B_incremental.csv,528198359.9266808,495793813.66758204,528168794.1801374,385332449.0907645,495774233.251516,528168794.1801374,495774233.251516,0,360153467.2217809,311566537.1638031,20248774.324983563,28338155.732994173,10592.352857829632,8006.639999999999,7.253044302309217,1577.1102477586874,0.34437395014874433,0.974163884549783,0.0,0.0,0.0,True,40712236.255598724,49029911.58257604,8317675.326977313,1.5503979689588436,7.588679038448483,7.588679038448483,8.999548194976931
kudamatsu,21,60,3,695.1028966240817,2,21,321737910.3374938,0.0,321737910.33749384,321737910.33749384,553.2673829632157,225575153.49491274,161740107.44448233,20131684.57408039,43703361.47635001,19474.608923549808,11589.479999999994,553.2673829632156,12.977672988473648,0.06622953562807445,0.9748432128940506,c021_r00_A_steiner.csv,321737910.3374938,311700834.2540765,321737910.3374938,225575153.49491274,311700834.2540765,321737910.3374938,311700834.2540765,0,217409449.68649787,161740107.44448233,11965980.765665522,43703361.47635001,21135.630627203158,11589.479999999994,13.97171938287531,553.2673829632156,0.21042946093707957,0.9734012136409605,0.0,0.0,0.0,True,10037076.083417296,10037076.083417356,0.0,0.0,3.119643585951277,3.119643585951277,3.1196435859512954
kudamatsu,22,60,8,295.89144681327946,7,11,204752861.05903605,8446415.428286802,209074279.11565945,200431443.00241265,490.62584415721693,146326511.58553585,112092627.2774062,15107104.546234364,19126779.761895284,8054.605435990988,5255.999999999999,472.2841818493746,5.420317202577539,0.018824542167556392,0.9747073386615679,c022_r00_A_steiner.csv,200431443.00241262,191025329.15996945,200431443.00241256,143116720.68166342,191025329.15996945,200431443.00241256,191025329.15996945,0,135878443.37403005,109341377.93122983,7410285.680904938,19126779.761895284,8648.350469722262,5255.999999999999,5.775646761894147,453.9425195415322,0.05981926858791639,0.9728764567790018,0.0,0.0,0.0,True,13727531.899066597,18048949.955689996,4321418.056623489,2.1105531977780285,6.704439600044739,6.704439600044739,8.632793106848574
kudamatsu,23,60,8,625.8623727247025,8,22,351046020.9069364,4340787.346205868,353272797.8310426,348819243.98283017,677.4809519473714,248646806.68078193,182715229.71773615,23302538.286289364,42629038.676756345,16590.216053065255,11423.039999999995,668.1015314515745,11.23249425966071,0.08174842969412677,0.9747178421820608,c023_r00_A_steiner.csv,348819243.9828302,335885720.0802431,348819243.98283017,247005408.09401745,335885720.0802431,348819243.98283017,335885720.0802431,0,236597006.18492705,181308316.64336663,12659650.864804054,42629038.676756345,18437.390720932475,11423.039999999995,12.337944787119142,658.7221109557776,0.20266133785049312,0.9735087131004971,0.0,0.0,0.0,True,15160300.826693296,17387077.750799477,2226776.9241062403,0.6343262112338732,4.3186077960736515,4.3186077960736515,4.921714283564816
kudamatsu,24,60,5,64.86000068695219,5,5,116993131.66844381,0.0,116993131.66844384,116993131.66844384,337.84957208481484,85589433.8158681,69427435.81272224,9946239.302120373,6215758.7010254795,1168.2054567211062,1822.08,337.8495720848148,0.9071181509668674,0.001782637409412542,0.9824048146884358,c024_r00_A_steiner.csv,116993131.66844381,109683943.53851147,116993131.6684438,85589433.81586808,109683943.53851146,116993131.6684438,109683943.53851146,0,79995073.94713832,69427435.81272224,4351879.433390613,6215758.7010254795,1557.3194478232913,1822.08,1.1399852826940589,337.84957208481484,0.005671204571323567,0.9778043192696634,0.0,0.0,0.0,True,7309188.129932359,7309188.129932389,1.4901161193847656e-08,1.2736782904553105e-14,6.2475360952354455,6.2475360952354455,6.24753609523547
kudamatsu,25,60,7,180.23136080342846,7,9,305896892.1152032,3500075.11397947,307219796.16115123,304573988.0692553,992.0845899857395,223756675.30852997,181720677.19042206,27361779.531737003,14674218.58637091,3833.3587946759667,4055.8799999999997,986.47118126948,2.7570919314386058,0.007160873250168978,0.9770861529428635,c025_r00_A_steiner.csv,304573988.06925523,284512167.68271405,304573988.06925523,222774328.78318456,284512167.68271405,304573988.06925523,284512167.68271405,0,207416137.22785974,180878665.88298312,11863252.758505695,14674218.586370911,4908.741798985935,4055.8799999999997,3.400660041165273,980.8577725532206,0.022816148890273547,0.9747176650266782,0.0,0.0,0.0,True,21384724.432489157,22707628.478437185,1322904.045947969,0.43246730517606985,6.990827623196479,6.990827623196479,7.391329843382217
kudamatsu,26,60,9,128.57387929807948,9,9,316210074.0866031,4823108.49283229,319305009.5010715,313115138.6721348,1072.6166685015635,232262460.62471238,192672621.7168007,29187103.61946678,10402735.288444899,2759.8586888056757,3153.6000000000004,1059.4841447786714,2.0116506513017445,0.008581534826796335,0.9777950415173475,c026_r00_A_steiner.csv,313115138.67213476,291316747.52825564,313115138.67213476,229964268.97320628,291316747.52825564,313115138.67213476,291316747.52825564,0,213509202.32601023,190702743.1583669,12403723.879198432,10402735.288444899,3386.455535146401,3153.6000000000004,2.3866405352258875,1046.3516210557793,0.02729005069382269,0.9757700646096079,0.0,0.0,0.0,True,24893326.558347464,27988261.97281587,3094935.414468348,0.9787592705287157,7.872401481911585,7.872401481911585,8.765368891815632
kudamatsu,27,60,10,167.4746879352338,9,10,264926962.0035375,6854002.706973388,259166709.31882218,270687214.68825275,765.0647800310866,193536077.6062841,155926120.78263497,22737686.79710583,14872270.026543304,3276.4501853626884,4143.48,789.507471884233,2.4338073067515804,0.02108374448103363,0.9784764309029964,c027_r12_B_incremental.csv,264950322.70169067,248462227.65085,257238838.19119945,187828647.1618364,241375111.6866359,257238838.19119945,241375111.6866359,0,175571821.9868421,151034037.5445369,9665514.415761897,14872270.026543304,4385.698225018113,4143.48,3.0976421090852098,756.893583630246,0.052563204069208565,0.9726768051773472,0.0,0.0,0.0,True,23551850.316901594,17791597.632186264,7688123.812338054,2.901978626182788,8.889940887400925,8.889940887400925,6.864924001600594
kudamatsu,28,60,4,61.93403365296693,4,5,55102256.78433356,0.0,55102256.784333564,55102256.784333564,79.36275307403524,39691888.20027427,30654412.961105287,3484068.8268508813,5553406.412318104,1188.0346444310599,1664.4000000000003,79.36275307403523,0.9009850233284021,0.00039795047694662406,0.9810156826439671,c028_r00_A_steiner.csv,55102256.78433356,52906484.48407604,55102256.78433356,39691888.20027427,52906484.48407604,55102256.78433356,52906484.48407604,0,37847425.65898788,30654412.961105287,1639606.2855644869,5553406.412318104,1686.7723472342418,1664.4,1.1994569903913548,79.36275307403523,0.0012662583222580988,0.9760400410059736,0.0,0.0,0.0,True,2195772.300257519,2195772.3002575263,0.0,0.0,3.984904481955468,3.984904481955468,3.984904481955481
kudamatsu,29,60,8,691.0564598798817,7,24,375905171.5391086,4074467.483069206,373208143.93997294,378602199.13824415,685.8117691268777,266145267.12664154,194588565.82889938,24631427.6381499,46925273.65959225,17698.738200544423,12553.079999999993,697.2571055259958,12.024894648344628,0.026832356307474554,0.9755803301220485,c029_r00_A_steiner.csv,378353735.1724492,364135082.5158069,378353735.1724492,267963164.70651883,364135082.5158069,378353735.1724492,364135082.5158069,0,256698077.16877192,196146763.7545085,13626039.754671156,46925273.659592256,19347.286688461303,12553.079999999993,13.01147638704543,707.6450916967233,0.07050027456059317,0.9734999800280846,0.0,0.0,0.0,True,11770089.023301661,9073061.424166024,-2448563.633340597,-0.651378011990413,3.131132507464617,3.131132507464617,2.431099527566939
kudamatsu,30,60,6,305.02543395808453,6,13,229513565.58721328,1139909.8610767494,229791027.3720758,229236103.80235073,506.1934307447704,164771056.38123035,124502876.53581883,16525479.422636474,23742700.42277503,6787.92212510208,6386.039999999998,505.019176905459,4.791264508101331,0.014946126666886399,0.9769318550922341,c030_r00_A_steiner.csv,229004612.15428942,218622839.9799231,229004612.15428942,164394117.01926917,218622839.9799231,229004612.15428942,218622839.9799231,0,156068739.20066592,124179785.65413783,8146253.123753056,23742700.42277503,8222.282340013388,6386.039999999999,5.649664248917329,502.8652376942523,0.022133772359266557,0.9747738074774626,0.0,0.0,0.0,True,10890725.607290179,11168187.392152697,508953.4329238534,0.22175309403681207,4.745133726377403,4.745133726377403,4.8601494670500145
kudamatsu,31,60,11,547.1407347231308,10,22,357471159.475093,3975390.897506145,359848351.77992725,355093967.1702589,734.8234636464886,255028806.05607164,191209044.55359104,24718174.092265174,39101587.4102154,13615.30859043939,10643.399999999996,724.726963690607,9.363146639640085,0.02218813247943465,0.976006467759783,c031_r12_B_incremental.csv,356867887.60281056,341698373.0056982,355093967.1702588,253261918.56379232,340103825.73424196,355093967.1702588,340103825.73424196,0,241624476.21774665,189694569.5602088,12828319.247322466,39101587.4102154,14799.94759693581,10643.399999999996,10.072099527182303,714.6304637347253,0.05917216104109519,0.9748994629990759,0.0,0.0,0.0,True,17367333.740851045,19744526.04568529,2377192.304834187,0.6650025440723195,4.858387391685825,4.858387391685825,5.4869018985421025
kudamatsu,32,60,7,307.00419604022187,6,13,251034829.08389458,4665786.867877521,254379975.34414777,247689682.82364133,627.668502778019,180316343.46691382,140761798.67626283,19235299.77937714,20319245.011273827,8573.02786397515,5615.160000000001,613.4119911750857,5.7715695877096245,0.06707964697437946,0.9742011764904974,c032_r00_A_steiner.csv,247689682.82364136,235468033.9311729,247689682.8236413,177821453.93640044,235468033.93117285,247689682.8236413,235468033.93117285,0,168300960.9993443,138623321.9358228,9358394.052247647,20319245.011273827,9636.55503931535,5615.160000000001,6.408042519803081,599.1554795721522,0.21314916892485294,0.9727404812709927,0.0,0.0,0.0,True,15566795.152721733,18911941.412974924,3345146.2602532804,1.3325426883834313,6.201049953717534,6.201049953717534,7.43452443038772
kudamatsu,33,60,3,177.81909889962202,3,7,431316252.9968868,0.0,431316252.9968869,431316252.9968869,1566.0656045950825,316979267.96292275,261159840.6892624,41251640.11487707,14567787.158783337,3808.8733580684693,3863.16,1566.0656045950825,2.720438504622147,0.03965001246845559,0.9794861728081115,c033_r00_A_steiner.csv,431316252.9968868,400174828.39567786,431316252.9968868,316979267.96292275,400174828.3956778,431316252.9968868,400174828.3956778,0,293379085.9507994,261159840.68926236,17651458.102753744,14567787.158783335,4918.8990992353965,3863.16,3.3847387261503177,1566.0656045950823,0.1262930742260654,0.9759538077129595,0.0,0.0,0.0,True,31141424.601208985,31141424.601209104,0.0,0.0,7.220090684000669,7.220090684000669,7.220090684000697
kudamatsu,34,60,7,643.3987224922922,6,22,303039660.34185284,4096529.0161807565,304871683.8122489,301207636.8714567,465.93738449642416,212947210.59903637,151228974.52961153,18054829.08826859,43663406.98115625,16494.17787462869,11642.039999999994,458.19316353074356,11.200019751778123,0.04035564482034137,0.975328912210671,c034_r00_A_steiner.csv,301207636.87145674,292138852.0637627,301207636.87145674,211591971.93004227,292138852.0637627,301207636.87145674,292138852.0637627,0,204392113.85457668,150067341.38475943,10661365.488660961,43663406.98115625,17567.993569707043,11642.039999999994,11.842649897788137,450.4489425650629,0.06566156517313478,0.9751193667929015,0.0,0.0,0.0,True,10900808.27809012,12732831.748486161,1832023.4703961015,0.6045490772823047,3.597155654739429,3.597155654739429,4.176456005775696
kudamatsu,35,60,12,255.24082833817587,11,13,547925956.5976282,0.0,547925956.5976284,547925956.5976284,1881.382044619234,401973096.88427377,330957306.6928852,50934551.11548086,20081239.075907685,5806.732713950149,5580.12,1881.3820446192342,4.1120670053622455,0.06623578949734799,0.9758512329483291,c035_r00_A_steiner.csv,547925956.5976282,509861821.107059,547925956.5976281,401973096.8842737,509861821.107059,547925956.5976281,509861821.107059,0,373050379.7440251,330957306.69288516,22011833.975232195,20081239.075907685,7341.183193044016,5580.12,5.030366244183927,1881.3820446192344,0.21081088487154842,0.973431928932698,0.0,0.0,0.0,True,38064135.490569234,38064135.49056935,1.1920928955078125e-07,2.1756459630242176e-14,6.946948767846345,6.946948767846345,6.946948767846365
kudamatsu,36,60,8,258.6068115019116,8,12,372874619.67529804,9911311.070303068,380901319.6989781,364847919.65161794,1193.366665176399,272022848.36434215,218894835.80562815,32582472.634271353,20545539.92444267,5659.588636479381,5650.200000000001,1159.298905370854,4.032007927419034,0.022686522276713236,0.9790231322541485,c036_r17_B_incremental.csv,380620522.7090776,356290519.38628215,364849394.865576,266058188.34396797,341882455.7842705,364849394.865576,341882455.7842705,0,248569418.53477368,213782270.07387882,14241608.53645217,20545539.92444267,6685.904062918667,5650.200000000001,4.646211310148398,1125.2151338258586,0.07225866493578878,0.9764832179355498,0.0,0.0,0.0,True,30992163.89102751,39018863.9147076,8025224.809722006,2.15225826223046,8.311685015734167,8.311685015734167,10.243824816764551
kudamatsu,37,60,12,108.71280332761862,11,11,244646896.51721406,6323960.804777154,248210707.68970338,241083085.34472468,722.7544784038737,179370872.20650184,147394880.24548888,20990813.37424815,10985178.586764768,1920.917912781936,3416.3999999999996,707.6325349699259,1.5395825255880933,0.004639259428117701,0.9777130037998052,c037_r13_B_incremental.csv,241406631.42082256,226053443.9154152,241083085.3447247,176724532.10556096,225754232.48033756,241083085.3447247,225754232.48033756,0,165087938.74544746,145126588.73039675,8976171.428285938,10985178.586764768,2513.5617436370235,3416.3999999999996,1.8942530647689808,692.510591535978,0.011079180371711338,0.9756690231526383,0.0,0.0,0.0,True,18892664.0368765,22456475.209365815,3563811.172489345,1.4567162809844125,7.722421296093228,7.722421296093228,9.047343452015543
kudamatsu,38,60,7,184.0696402497195,7,9,163957958.79084378,3279922.804310602,166492874.26153952,161423043.32014805,396.5222981219683,118261200.59420645,91614855.44873834,12344142.574789723,14302202.570678383,4126.736502357447,3994.5599999999995,385.765702991589,2.9256652258014486,0.008318671236035394,0.9787079036555784,c038_r00_A_steiner.csv,161423043.32014808,153406061.51939338,161423043.32014808,116378796.44639006,153406061.51939338,161423043.32014808,153406061.51939338,0,110101368.28178895,90001366.17918144,5797799.531929124,14302202.570678383,4883.17916195929,3994.5599999999995,3.378361958598473,375.00910786120954,0.01594486388178969,0.9742648583514703,0.0,0.0,0.0,True,10551897.2714504,13086812.742146134,2534915.470695704,1.5460764999699828,6.435733494896175,6.435733494896175,7.860283991246607
kudamatsu,39,60,6,108.33247728716697,6,6,103341556.19783859,1334627.1963215342,103965211.88710098,102717900.5085762,244.75985446448684,74676381.1417519,58817011.082131304,7852835.180355216,8006534.879265398,2521.5167378565716,2277.6,242.1134072142087,1.7690137691619672,0.005528736356953948,0.9777666974053028,c039_r00_A_steiner.csv,102717900.50857621,97492557.91824256,102717900.50857621,74213252.87295324,97492557.91824256,102717900.50857621,97492557.91824256,0,70136051.28611544,58420043.99458958,3709472.412260456,8006534.879265398,2981.0703356122494,2277.6,2.044035820877843,239.46695996393055,0.014061916193565015,0.9757806720618081,0.0,0.0,0.0,True,5848998.279596031,6472653.968858421,623655.6892623752,0.6034897404374671,5.659870525269256,5.659870525269256,6.225788272222515
kudamatsu,40,60,11,623.1872475469582,10,23,406668574.0527072,5855678.21660045,409723620.8142726,403613527.2911417,885.8323017364195,290321209.6080743,217179766.9312097,28721627.821868297,44419814.854996264,15267.260121679972,11878.559999999992,872.8651128747315,10.492764945917623,0.025848835326004602,0.9749790859017698,c040_r16_B_incremental.csv,406826434.477351,389268978.0309029,403613527.29114175,288051951.55727893,386328904.19060147,403613527.29114175,386328904.19060147,0,274600499.07102513,215234688.60195655,14945995.614072263,44419814.854996264,16706.599892658607,11878.559999999992,11.354144725912859,859.8979240130437,0.0773368574878904,0.974841649619043,0.0,0.0,0.0,True,20339669.862105727,23394716.623671114,3055046.761565447,0.7512374834180058,5.00153470414696,5.00153470414696,5.709877447918952
kudamatsu,41,60,9,336.4199881635978,9,14,264599958.44109216,6727197.647911358,266516283.01978418,262683633.8624002,638.3480237938962,190082454.67099676,147034054.88097784,19955675.81349631,23092723.9765226,8560.463499636435,6342.240000000002,630.2270325398523,5.847050383691172,0.04771194837102292,0.9750221277073527,c041_r22_B_incremental.csv,264077423.58240855,251120554.60642922,262401562.73161656,188459732.38846508,249508049.84610054,262401562.73161656,249508049.84610054,0,178543623.29944694,145643150.0673793,9807749.255545054,23092723.9765226,9335.179541984853,6342.240000000002,6.310682909917506,620.9543337825285,0.03867997215699385,0.9748953656712555,0.0,0.0,0.0,True,15091908.594991624,17008233.173683643,2198395.7094756067,0.830837511248149,5.703670054941272,5.703670054941272,6.381686319864021
kudamatsu,42,60,3,797.1231666043262,3,24,307181673.6499994,0.0,307181673.64999944,307181673.64999944,380.11086393874206,213003747.73068678,147016629.5908113,16702771.59846855,49284346.54140692,22084.752164040827,13087.439999999993,380.11086393874194,14.710725712634476,0.01757759516817025,0.9754773109812898,c042_r00_A_steiner.csv,307181673.6499994,299628105.1988741,307181673.6499994,213003747.73068678,299628105.1988741,307181673.6499994,299628105.1988741,0,207324165.76002684,147016629.5908113,11023189.627808617,49284346.54140692,22249.57689525643,13087.439999999991,14.809365862496893,380.110863938742,0.055815466466852245,0.9754773109812898,0.0,0.0,0.0,True,7553568.451125264,7553568.451125324,0.0,0.0,2.4589905906078715,2.4589905906078715,2.4589905906078906
kudamatsu,43,60,6,421.53633653366114,6,15,375181990.2876744,0.0,375181990.2876744,375181990.2876744,1030.0287536327921,270524998.06145275,210754313.04491878,30250718.840819795,29519966.175714154,10891.895025930005,7901.5199999999995,1030.028753632792,7.420306747535865,0.10908262852910522,0.9756053921391125,c043_r00_A_steiner.csv,375181990.2876744,355140739.4065509,375181990.2876744,270524998.06145275,355140739.4065509,375181990.2876744,355140739.4065509,0,254844975.26133206,210754313.04491878,14570696.040699132,29519966.175714154,12752.824813728625,7901.5199999999995,8.533989092400597,1030.028753632792,0.3469556101580786,0.9732266623228226,0.0,0.0,0.0,True,20041250.881123543,20041250.881123543,0.0,0.0,5.341741181594756,5.341741181594756,5.341741181594756
kudamatsu,44,60,9,131.81011849370282,8,10,171217827.3088934,2903983.0128392396,170928473.09923184,171507181.51855496,410.6921970176539,124540808.13735221,99287972.07967813,13297995.346613027,11954840.711061025,2589.6688055725504,3460.2000000000003,411.9198138645211,1.944799700516796,0.0050318548864142386,0.979808151001487,c044_r00_A_steiner.csv,171507181.518555,162177469.8937152,171507181.518555,124755641.08555397,162177469.8937152,171507181.518555,162177469.8937152,0,117441936.5622741,99472114.60670824,6014981.244504824,11954840.711061027,3489.2599872836868,3460.2000000000003,2.483164352013314,413.1474307113883,0.01029313422091174,0.974492445673899,0.0,0.0,0.0,True,9040357.41517821,8751003.205516636,-289354.2096615732,-0.16899771140043168,5.280032784710284,5.280032784710284,5.119687227555281
kudamatsu,45,60,1,20.85186329216204,1,1,7894449.132273683,0.0,7894449.132273683,7894449.132273683,0.0,5468760.162547386,3750000.0,300000.0,1418760.162547386,522.1868165926351,394.2,0.0,0.35750520152524284,0.0,0.9775819573706359,singleton_co_located_source,7894449.132273683,7849092.940777941,7894449.132273683,5468760.162547386,7849092.940777941,7894449.132273683,7849092.940777941,0,5399255.389391096,3750000.0,230495.2268437101,1418760.162547386,605.6786830991014,394.2,0.4074713089397783,0.0,0.0,0.9755991158268579,0.0,1.0,1.0,True,45356.19149574265,45356.19149574265,0.0,0.0,0.5745326967820945,0.5745326967820945,0.5745326967820945
kudamatsu,46,60,12,1430.8863697861993,12,49,841823351.1588503,10342954.209378213,848374851.7248815,835271850.5928191,1769.9915324882425,597906077.8458604,445074974.46696216,58254162.41116037,94576940.96773784,38028.843375599485,25325.160000000003,1742.1664964464144,25.649543466130144,0.07521221059049353,0.9751826240523555,c046_r12_B_incremental.csv,837061002.1553453,802414440.1068026,837374143.6735449,594592117.6166856,802729309.0978246,837374143.6735449,802729309.0978246,0,567312914.5647185,442234437.1276695,30501536.469311118,94576940.96773782,41674.012137230646,25325.160000000003,27.831012170913095,1723.22958085113,0.2431450023431849,0.9743338757426326,0.0,0.0,0.0,True,39094042.06102574,45645542.62705696,4449207.4853054285,0.5285203218918398,4.6439721596234,4.6439721596234,5.380350741685976
kudamatsu,47,60,9,243.07382107690063,9,12,326010873.3620062,4424211.16667705,326933385.16109055,325088361.5629217,968.4534324366045,237515648.0028294,189680960.9414811,27713493.49024685,20121193.57110144,5103.6064379176705,5527.56,964.5397396098742,3.685277717683544,0.020273813389766557,0.9776049616155176,c047_r00_A_steiner.csv,325088361.56292176,305305822.6602006,325088361.56292176,236830751.75815153,305305822.66020054,325088361.56292176,305305822.66020054,0,221558266.15175334,189093907.01747152,12343165.563180396,20121193.57110144,6462.217791801566,5527.56,4.498345189800874,960.6260467831435,0.04656130956242454,0.9742565108177826,0.0,0.0,0.0,True,20705050.70180565,21627562.500890017,922511.799084425,0.28296964134078356,6.351030715105789,6.351030715105789,6.615281119189899
kudamatsu,48,60,9,601.9698245384589,9,22,314688602.7654429,2114770.592173499,315901655.5880217,313475549.94286424,528.0142034626307,222330815.94023633,160930401.84647444,19671733.641079072,41728680.45268283,15195.889426214353,11230.319999999994,522.8693456431629,10.376052811369656,0.02673321936656452,0.9748494492754066,c048_r00_A_steiner.csv,313475549.9428642,302914254.2954558,313475549.9428642,221430465.82182947,302914254.2954558,313475549.9428642,302914254.2954558,0,212833798.28889412,160158673.17355427,10946444.662657013,41728680.45268283,16953.19015870714,11230.319999999994,11.427717851731117,517.7244878236952,0.07825147957901483,0.9725337524564761,0.0,0.0,0.0,True,11774348.469987094,12987401.292565882,1213052.8225787282,0.3854772025165755,3.7415871965224152,3.7415871965224152,4.11121659631414
